Equipo,Voltaje,Compartimiento,Conector,CodigoComp,Posicion,Cable,Familia,ModeloHoja,Precio,Listado,Criterio,ModeloListado,CodigoOrden,Descripcion,VoltsAmp,Dimensiones,Peso,KWH,Garantia,ConectorBateria
ADVANCE CS7010,36, x  x ,SB350 GRAY,,,,STRYTEN T300 (CMX),M2701808515B,6955,Master GNB List,order code,18-85-15,M2701808515B,Tubular Flooded Lead Acid Industrial Battery,36V / 595AH,38.43 x 17.87 x 22.62,1826,18.3141,5 Yrs Full + 1 Prorated,SB350 Gray
ADVANCE CS7010,36, x  x ,SB350 GRAY,,,,HAWKER FLEX,36FLX558_186 (207155T-SBKN),16876.74074,Master Hawker List,order code,18-85-15,36FLX558_186 (207155T-SBKN),HAWKER Sealed TPPL Technologic Industrial Battery,36V / 558AH,38.27 x 17.50 x 24.50,1465,,1 Year,N/A
AISLE-MASTER AM33,48,32.05 x 25.55 x 31.54,EURO 320,,B,16,HAWKER FLEX,24-FLX700-31 (311B37P01T2-SBKN),25502.03704,Master Hawker List,order code,24-FLX700-31 (311B37P01T2-SBKN),24-FLX700-31 (311B37P01T2-SBKN),HAWKER Sealed TPPL Technologic Industrial Battery,48V / 700AH,32.05 X 25.55 X 33.30,2563,,1 Year,N/A
CBXx-7 (25),80,40.47 x 27.99 x 30.9,EURO 320,N/A,A,39,STRYTEN F110 (FPX),M2504012509C6A,10161,Master GNB List,order code,40-125-09,M2504012509C6A,Flooded Conventional Lead Acid Flat Plate Industrial Battery,80V / 500AH,40.38 x 27.88 x 30.88,3424,34.2,5 Yrs Full,EBC320A
CBXx-7 (30-35),80,40.47 x 33.66 x 30.9,EURO 320,N/A,A,39,STRYTEN F110 (FPX),M2504012511C6A,15350,Master GNB List,order code,40-125-11,M2504012511C6A,Flooded Conventional Lead Acid Flat Plate Industrial Battery,80V / 625AH,40.38 x 33.5 x 30.88,4277,42.75,5 Yrs Full,EBC320A
CBXx-7 (30-35),80,40.47 x 33.66 x 30.9,EURO 320,N/A,A,39,STRYTEN F110 (FPX),M2504012513N,16750,Master GNB List,order code,40-125-13,M2504012513N,Flooded Conventional Lead Acid Flat Plate Industrial Battery,80V / 750AH,39.63 x 33.38 x 30.5,4657,51.3,5 Yrs Full,EBC320A
CBXx-7 (30-35),80,40.47 x 33.66 x 30.9,EURO 320,N/A,A,39,HAWKER FLEX,40-FLX700-31 (207043T2-SBKN),38656.28148,Master Hawker List,order code,40-125-11,40-FLX700-31 (207043T2-SBKN),HAWKER Sealed TPPL Technologic Industrial Battery,80V / 700AH,40.15 X 33.23 X 28.43,4338,,1 Year,N/A
CBXx-7 (45-50C-50),80,40.5 x 39.30 x 30.9,EURO 320,N/A,A,39,HAWKER FLEX,40-FLX840-37 (311B07P01T2-SBKN),44057.10556,Master Hawker List,order code,40-125-13,40-FLX840-37 (311B07P01T2-SBKN),HAWKER Sealed TPPL Technologic Industrial Battery,80V / 840AH,39.86 X 39.50 X 30.75,4803,,1 Year,N/A
CBXx-7 (45-50C-50),80,40.5 x 39.30 x 30.9,EURO 320,N/A,A,39,V-FORCE VTR,40-125VTR-13D,24297.22222,V-Force VTR Battery,order code,40-125-13,40-125VTR-13D,Tubular Flooded Lead Acid Industrial Battery,80/750,38.68 x 39.84 x 30.50,4808,58.2,5 Years,
"ES4000 (8"")",24,25.4 x 8.66 x 24.9,SB175 GRAY,,B,20,STRYTEN F100 (CLASSIC),M1601208507D,2479,Master GNB List,order code,12-85-7,M1601208507D,Flooded Conventional Lead Acid Flat Plate Industrial Battery,24V / 255AH,25.38 x 8.69 x 23.25,565,5.2326,3 Yrs Full + 2 Prorated,SB175 Gray
"ESR1220 -30/35 (13"")",48,40.75 x 13.9 x 30.9,SB350 BLUE,13.9,B,28,V-FORCE VTR,24-125VTR-07B,8691.666667,V-Force VTR Battery,order code,24-125-7,24-125VTR-07B,Tubular Flooded Lead Acid Industrial Battery,48/375,40.18 x 13.37 x 30.5,1563,17.37,5 Years,
"ESR1220 -30/35 (18"")",48,40.75 x 17.45 x 30.90,SB350 BLUE,13.9,B,28,V-FORCE VTR,24-125VTR-11,11744.44444,V-Force VTR Battery,order code,24-125-11,24-125VTR-11,Tubular Flooded Lead Acid Industrial Battery,48/625,39.06 x 17.23 x 30.5,2400,28.95,5 Years,
"ESR1220 -30/35 (20"")",48,40.75 x 21 x 30.9,SB350 BLUE,,B,28,V-FORCE VTR,24-125VTR-13B,13183.33333,V-Force VTR Battery,order code,24-125-13,24-125VTR-13B,Tubular Flooded Lead Acid Industrial Battery,48/750,37.91 x 20.66 x 30.50,2784,34.74,5 Years,
"ESR1240 -30/35 (11"")",48,48.2 x 11.15 x 30.9,SB350 BLUE,11.15,B,28,V-FORCE VTR,24-125VTR-07,8436.111111,V-Force VTR Battery,order code,24-125-7,24-125VTR-07,Tubular Flooded Lead Acid Industrial Battery,48/375,47.56 x 10.72 x 30.50,1584,17.37,5 Years,
"ESR1240 -30/35 (11"")",48,48.2 x 11.15 x 30.9,SB350 BLUE,11.15,B,28,STRYTEN T310 (LMX),M2902412507R6,7250,Master GNB List,order code,24-125-07,M2902412507R6,Tubular Low Maintenance Flooded Lead Acid Industrial Battery,48V / 375AH,47.63 x 10.81 x 30.5,1647,15.39,5 Yrs Full + 1 Prorated,SB350 Blue
"ESR1260 -30/35 (11"")",48,48.2 x 11.15 x 30.9,SB350 BLUE,11.15,B,28,STRYTEN T310 (LMX),M2902412507R6,7250,Master GNB List,order code,24-125-07,M2902412507R6,Tubular Low Maintenance Flooded Lead Acid Industrial Battery,48V / 375AH,47.63 x 10.81 x 30.5,1647,15.39,5 Yrs Full + 1 Prorated,SB350 Blue
"ESR5220 -30/35 (13"")",48,40.75 x 13.9 x 30.9,SB350 BLUE,13.9,B,28,V-FORCE VTR,24-125VTR-07,8436.111111,V-Force VTR Battery,order code,24-125-7,24-125VTR-07,Tubular Flooded Lead Acid Industrial Battery,48/375,47.56 x 10.72 x 30.50,1584,17.37,5 Years,
"ESR5220 -30/35 (13"")",48,40.75 x 13.9 x 30.9,SB350 BLUE,13.9,B,28,V-FORCE VTR,24-125VTR-07B,8691.666667,V-Force VTR Battery,order code,24-125-7,24-125VTR-07B,Tubular Flooded Lead Acid Industrial Battery,48/375,40.18 x 13.37 x 30.5,1563,17.37,5 Years,
"ESR5220 -30/35 (18"")",48,40.75 x 17.45 x 30.9,SB350 BLUE,,B,28,V-FORCE VTR,24-125VTR-11,11744.44444,V-Force VTR Battery,order code,24-125-11,24-125VTR-11,Tubular Flooded Lead Acid Industrial Battery,48/625,39.06 x 17.23 x 30.5,2400,28.95,5 Years,
"ESR5220 -30/35 (18"")",48,40.75 x 17.45 x 30.90,SB350 BLUE,13.9,B,28,V-FORCE VTR,24-125VTR-11,11744.44444,V-Force VTR Battery,order code,24-125-11,24-125VTR-11,Tubular Flooded Lead Acid Industrial Battery,48/625,39.06 x 17.23 x 30.5,2400,28.95,5 Years,
"ESR5260 -30/35 (11"")",48,48.2 x 11.15 x 30.9,SB350 BLUE,11.15,B,28,STRYTEN T310 (LMX),M2902412507R6,7250,Master GNB List,order code,24-125-07,M2902412507R6,Tubular Low Maintenance Flooded Lead Acid Industrial Battery,48V / 375AH,47.63 x 10.81 x 30.5,1647,15.39,5 Yrs Full + 1 Prorated,SB350 Blue
"ESR5260 -30/35 (11"")",48,48.2 x 11.15 x 30.9,SB350 BLUE,11.15,B,28,V-FORCE VTR,24-125VTR-07,8436.111111,V-Force VTR Battery,order code,24-125-7,24-125VTR-07,Tubular Flooded Lead Acid Industrial Battery,48/375,47.56 x 10.72 x 30.50,1584,17.37,5 Years,
"ESR5260 -30/35 (11"")",48,48.2 x 11.15 x 30.9,SB350 BLUE,11.15,B,28,V-FORCE VTR,24-125VTR-07,8436.111111,V-Force VTR Battery,order code,24-125-7,24-125VTR-07,Tubular Flooded Lead Acid Industrial Battery,48/375,47.56 x 10.72 x 30.50,1584,17.37,5 Years,
"ESR5260-30/35/45 (13"")",48,40.75 x 13.9 x 30.9,SB350 BLUE,"14""",B,28,STRYTEN T310 (LMX),M2902412509Y,8779,Master GNB List,order code,24-125-09,M2902412509Y,Tubular Low Maintenance Flooded Lead Acid Industrial Battery,48V / 500AH,47.25 x 13.5 x 30.5,2110,20.52,5 Yrs Full + 1 Prorated,SB350 Blue
"ESR5260-35/45 (20"")",48,48.15 x 19.64 x 30.56,SB350 BLUE,"20""",B,28,V-FORCE VTR,24-125VTR-13B,13183.33333,V-Force VTR Battery,order code,24-125-13,24-125VTR-13B,Tubular Flooded Lead Acid Industrial Battery,48/750,37.91 x 20.66 x 30.50,2784,34.74,5 Years,
"ESR5260-35/45 (20"")",48,46.97 x 19.64 x 30.56,SB350 BLUE,"20""",B,28,STRYTEN F100 (CLASSIC),M2602412515E6,11018,Master GNB List,order code,24-125-15,M2602412515E6,Flooded Conventional Lead Acid Flat Plate Industrial Battery,48V / 875AH,48 x 19.34 x 30.5,3300,35.91,3 Yrs Full + 2 Prorated,SB350 Blue
"ESR5260-35/45 (20"")",48,48.15 x 19.64 x 30.56,SB350 BLUE,"20""",B,28,STRYTEN T300 (CMX),M2702412515E6,11857,Master GNB List,order code,24-125-15,M2702412515E6,Tubular Flooded Lead Acid Industrial Battery,48V / 875AH,48 x 19.34 x 30.5,3147,35.91,5 Yrs Full + 1 Prorated,SB350 Blue
"FC5710/15-40/50    36v  (27"")",36,38.69 x 27.25 x 23.35,SB350 GRAY,Code 1,A,18,STRYTEN F100 (CLASSIC),M2601808523B,9527,Master GNB List,order code,18-85-23,M2601808523B,Flooded Conventional Lead Acid Flat Plate Industrial Battery,36V / 935AH,38.25 x 26.88 x 22.63,2694,28.7793,3 Yrs Full + 2 Prorated,SB350 Gray
"FC5710/15-40/50    36v  (27"")",36,38.69 x 27.25 x 23.35,SB350 GRAY,Code 1,A,18,HAWKER FLEX,36FLX558_186 (206643T-SBKY),19485.69259,Master Hawker List,order code,18-85-23,36FLX558_186 (206643T-SBKY),HAWKER Sealed TPPL Technologic Industrial Battery,36V / 558AH,38.58 x 26.90 x 22,2450,,1 Year,N/A
"FC5710/15-40/50    36v  (27"")",36,38.69 x 27.25 x 23.35,SB350 GRAY,Code 1,A,18,STRYTEN T300 (CMX),M2701808525B,11110,Master GNB List,order code,18-85-25,M2701808525B,Tubular Flooded Lead Acid Industrial Battery,36V / 1020AH,38.25 x 29.25 x 22.2,2860,31.3956,5 Yrs Full + 1 Prorated,SB350 Gray
"FC5710/15-40/50    36v  (27"")",36,38.69 x 27.25 x 23.35,SB350 GRAY,Code 1,A,18,COOLPOWER,18-85-23,8940.77898,Master CoolpowerList ,order code,18-85-23,18-85-23,Flooded Conventional Flat Plate Lead Acid Industrial Battery,36V / 935AH,38.44 x 27 x 22.2,2592,32.48,3Yrs Full + 1Yrs Prorated,SB350 Gray
"FC5710/15-40/50    36v  (27"")",36,38.69 x 27.25 x 23.35,SB350 GRAY,Code 1,A,18,V-FORCE TUBULAR,18-90VTA-23,12653.02222,V-Force VTA-VTE Battery,order code,18-85-23,18-90VTA-23,Tubular Low Maintenance Lead Acid Industrial Battery,36/990,38.21x26.85x22.63,2770,34.57,5 Years,N
"FC5710/15-40/50    36v  (27"")",36,38.69 x 27.25 x 23.35,SB350 GRAY,Code 1,A,18,V-FORCE TUBULAR,18-100VTE-23,13943.2,V-Force VTA-VTE Battery,order code,18-85-23,18-100VTE-23,Tubular High Capacity Lead Acid Industrial Battery,36/1100,38.21x26.85x22.63,2718,38.41,5 Years,N
"FC5710/15-40/50    48v  (27"")",48,38.69 x 27.25 x 23.35,SB350 BLUE,Code 1,A,18,V-FORCE VTR,24-90VTR-17,13220.83333,V-Force VTR Battery,order code,24-85-17,24-90VTR-17,Tubular Flooded Lead Acid Industrial Battery,48/720,38.27 x 27.14 x 22.75,2630,33.52,5 Years,
"FC5710/15-40/50    48v  (27"")",48,38.69 x 27.25 x 23.35,SB350 GRAY,Code 1,A,18,HAWKER FLEX,24-FLX660-37 (310B88P02T2-SBKN),21858.31667,Master Hawker List,order code,24-85-17,24-FLX660-37 (310B88P02T2-SBKN),HAWKER Sealed TPPL Technologic Industrial Battery,48V / 660AH,38.38 X 26.88 X 22.62,2735,,1 Year,N/A
"FC5710/15-40/50    48v  (27"")",48,38.69 x 27.25 x 23.35,SB350 GRAY,Code 1,A,18,HAWKER FLEX,48FLX471_157 (510652T-SBKN),19788.77963,Master Hawker List,order code,24-85-17,48FLX471_157 (510652T-SBKN),HAWKER Sealed TPPL Technologic Industrial Battery,48V / 471AH,38.47 X 26.60 X 21.94,2650,,1 Year,N/A
"FC5710/15-40/50    48v  (27"")",48,38.69 x 27.25 x 23.35,SB350 BLUE,Code 1,A,18,STRYTEN T300 (CMX),M2702408517B,10470,Master GNB List,order code,24-85-17,M2702408517B,Tubular Flooded Lead Acid Industrial Battery,48V / 680AH,38.25 x 26.63 x 22.63,2535,27.9072,5 Yrs Full + 1 Prorated,SB350 Blue 
"FC5710/15-40/50    48v  (27"")",48,38.69 x 27.25 x 23.35,SB350 BLUE,Code 1,A,18,COOLPOWER,24-85-17,9050.168778,Master CoolpowerList ,order code,24-85-17,24-85-17,Flooded Conventional Flat Plate Lead Acid Industrial Battery,48V / 680AH,38.5 x 27 x 22.63,2688,31.5,3Yrs Full + 1Yrs Prorated,SB350 Blue
"FC5710/15-40/50    48v  (27"")",48,38.69 x 27.25 x 23.35,SB350 BLUE,Code 1,A,18,V-FORCE TUBULAR,24-90VTA-17,12738.08889,V-Force VTA-VTE Battery,order code,24-85-17,24-90VTA-17,Tubular Low Maintenance Lead Acid Industrial Battery,48/720,38.22x26.61x22.63,2632,33.52,5 Years,N
"FC5710/15-40/50    48v  (27"")",48,38.69 x 27.25 x 23.35,SB350 BLUE,Code 1,A,18,V-FORCE TUBULAR,24-100VTE-17,14688.17778,V-Force VTA-VTE Battery,order code,24-85-17,24-100VTE-17,Tubular Low Maintenance Lead Acid Industrial Battery,48/800,38.22x26.61x22.63,2692,37.25,5 Years,N
"FC5720/25-40/50/55/60  36v (30"")",36,38.69 x 29.63 x 23.35,SB350 GRAY,Code 4,A,18,STRYTEN F100 (CLASSIC),M2601808525B,10284,Master GNB List,order code,18-85-25,M2601808525B,Flooded Conventional Lead Acid Flat Plate Industrial Battery,36V / 1020AH,38.25 x 29.25 x 22.2,2860,31.3956,3 Yrs Full + 2 Prorated,SB350 Gray
"FC5720/25-40/50/55/60  36v (30"")",36,38.69 x 29.63 x 23.36,SB350 GRAY,Code 4,A,18,STRYTEN T300 (CMX),M2701808525B,11110,Master GNB List,order code,18-85-25,M2701808525B,Tubular Flooded Lead Acid Industrial Battery,36V / 1020AH,38.25 x 29.25 x 22.2,2860,31.3956,5 Yrs Full + 1 Prorated,SB350 Gray
"FC5720/25-40/50/55/60  36v (30"")",36,38.69 x 29.63 x 23.36,SB350 GRAY,Code 4,A,18,V-FORCE TUBULAR,18-90VTA-25,13524.31111,V-Force VTA-VTE Battery,order code,18-85-25,18-90VTA-25,Tubular Low Maintenance Lead Acid Industrial Battery,36/1080,38.21x29.21x22.63,3010,37.71,5 Years,N
"FC5720/25-40/50/55/60  36v (30"")",36,38.69 x 29.63 x 23.36,SB350 GRAY,Code 4,A,18,COOLPOWER,18-85-25,9706.986492,Master CoolpowerList ,order code,18-85-25,18-85-25,Flooded Conventional Flat Plate Lead Acid Industrial Battery,36V / 1020AH,38.25 x 29.25 x 22.2,2592,31.3956,3Yrs Full + 1Yrs Prorated,SB350 Gray
"FC5720/25-40/50/55/60  36v (33"")",36,38.69 x 32.94 x 23.35,SB350 GRAY,Code 1,A,18,V-FORCE VTR,18-90VTR-27,14150,V-Force VTR Battery,order code,18-85-27,18-90VTR-27,Tubular Flooded Lead Acid Industrial Battery,36/1170,38.27 x 31.4 x 22.75,3060,40.86,5 Years,
"FC5720/25-40/50/55/60  36v (33"")",36,38.69 x 32.94 x 23.35,SB350 GRAY,Code 1,A,18,STRYTEN F100 (CLASSIC),M2601808527B,10953,Master GNB List,order code,18-85-27,M2601808527B,Flooded Conventional Lead Acid Flat Plate Industrial Battery,36V / 1105AH,38.44 x 31.5 x 22.2,2959,34.0119,3 Yrs Full + 2 Prorated,SB350 Gray
"FC5720/25-40/50/55/60  36v (33"")",36,38.69 x 32.94 x 23.35,SB350 GRAY,Code 1,A,18,STRYTEN T300 (CMX),M2701808527B,11844,Master GNB List,order code,18-85-27,M2701808527B,Tubular Flooded Lead Acid Industrial Battery,36V / 1105AH,38.44 x 31.5 x 22.63,2947,34.0119,5 Yrs Full + 1 Prorated,SB350 Gray
"FC5720/25-40/50/55/60  36v (33"")",36,38.69 x 32.94 x 23.35,SB350 GRAY,Code 1,A,18,HAWKER FLEX,18-FLX770-43 (310B96P01T2-SBKN),22746.21481,Master Hawker List,order code,18-85-27,18-FLX770-43 (310B96P01T2-SBKN),HAWKER Sealed TPPL Technologic Industrial Battery,36V / 770AH,38.25 X 31.62 X 22.62,3132,,1 Year,N/A
"FC5720/25-40/50/55/60  36v (33"")",36,38.69 x 32.94 x 23.35,SB350 GRAY,Code 1,A,18,COOLPOWER,18-85-27,10572.57436,Master CoolpowerList ,order code,18-85-27,18-85-27,Flooded Conventional Flat Plate Lead Acid Industrial Battery,36V / 1105AH,38.44 x 31.5 x 22.2,3132,38.39,3Yrs Full + 1Yrs Prorated,SB350 Gray
"FC5740/55-40/50/55/60  36v (36"")",36,38.69 x 36.38 x 23.35,SB350 GRAY,Code 1,A,18,V-FORCE TUBULAR,18-90VTA-31,16569.95556,V-Force VTA-VTE Battery,order code,18-85-31,18-90VTA-31,Tubular Low Maintenance Lead Acid Industrial Battery,36/1350,38.44 x 36.20 x 22.63 ,3510,47.14,5 Years,N
"FC5740/55-40/50/55/60  36v (36"")",36,38.69 x 36.38 x 23.35,SB350 GRAY,Code 1,A,18,V-FORCE TUBULAR,18-100VTE-31,17771.2,V-Force VTA-VTE Battery,order code,18-85-31,18-100VTE-31,Tubular High Capacity Lead Acid Industrial Battery,36/1500,38.44x36.2x22.63,3526,52.38,5 Years,N
"FC5740/55-40/50/55/60  36v (36"")",36,38.69 x 36.38 x 23.35,SB350 GRAY,Code 1,A,18,V-FORCE VTR,18-90VTR-31,16566.66667,V-Force VTR Battery,order code,18-85-31,18-90VTR-31,Tubular Flooded Lead Acid Industrial Battery,36/1350,38.28 x 35.91 x 22.75,3497,47.14,5 Years,
"FC5740/55-40/50/55/60  36v (36"")",36,38.69 x 36.38 x 23.35,SB350 GRAY,Code 1,A,18,COOLPOWER,18-85-31,12291.78073,Master CoolpowerList ,order code,18-85-31,18-85-31,Flooded Conventional Flat Plate Lead Acid Industrial Battery,36V / 1275AH, x  x ,3780,44.29,3Yrs Full + 1Yrs Prorated,SB350 Gray
"FC5720/25-40/50/55/60  48v (33"")",48,38.69 x 32.94 x 23.35,SB350 BLUE,Code 4,A,18,STRYTEN F100 (CLASSIC),M2602408519B,10687,Master GNB List,order code,24-85-19,M2602408519B,Flooded Conventional Lead Acid Flat Plate Industrial Battery,48V / 765AH,38.44 x 29.88 x 22.2,2850,31.3956,3 Yrs Full + 2 Prorated,SB350 Blue
"FC5720/25-40/50/55/60  48v (33"")",48,38.69 x 32.94 x 23.35,SB350 BLUE,Code 4,A,18,STRYTEN T300 (CMX),M2702408519B,11537,Master GNB List,order code,24-85-19,M2702408519B,Tubular Flooded Lead Acid Industrial Battery,48V / 765AH,38.44 x 29.88 x 22.62,2850,31.3956,5 Yrs Full + 1 Prorated,SB350 Blue
"FC5720/25-40/50/55/60  48v (33"")",48,38.69 x 32.94 x 23.35,SB350 BLUE,Code 1,A,18,STRYTEN F100 (CLASSIC),M2602408521B,11671,Master GNB List,order code,24-085-21,M2602408521B,Flooded Conventional Lead Acid Flat Plate Industrial Battery,48V / 850AH,38.25 x 32.63 x 22.2,3082,34.884,3 Yrs Full + 2 Prorated,SB350 Blue
"FC5720/25-40/50/55/60  48v (33"")",48,38.69 x 32.94 x 23.35,SB350 BLUE,Code 1,A,18,STRYTEN T300 (CMX),M2702408521B,12603,Master GNB List,order code,24-085-21,M2702408521B,Tubular Flooded Lead Acid Industrial Battery,48V / 850AH,38.25 x 32.63 x 22.63,3080,34.884,5 Yrs Full + 1 Prorated,SB350 Blue
"FC5720/25-40/50/55/60  48v (33"")",48,38.69 x 32.94 x 23.35,SB350 BLUE,Code 1,A,18,HAWKER FLEX,24-FLX770-43 (310B80P01T2-SBKN),24778.36667,Master Hawker List,order code,24-85-21,24-FLX770-43 (310B80P01T2-SBKN),HAWKER Sealed TPPL Technologic Industrial Battery,48V / 770AH,38.58 X 32.77 X 22.62,3264,,1 Year,N/A
"FC5720/25-40/50/55/60  48v (33"")",48,38.69 x 32.94 x 23.35,SB350 BLUE,Code 1,A,18,HAWKER FLEX,24-FLX660-37** (310B65P01T2-SBKN),24281.67778,Master Hawker List,order code,24-85-21,24-FLX660-37** (310B65P01T2-SBKN),HAWKER Sealed TPPL Technologic Industrial Battery,48V / 660AH,38.50 X 32.25 X 22.62,3264,,1 Year,N/A
"FC5720/25-40/50/55/60  48v (33"")",48,38.69 x 32.94 x 23.35,SB350 BLUE,Code 1,A,18,COOLPOWER,24-85-21,10906.4663,Master CoolpowerList ,order code,24-85-21,24-85-21,Flooded Conventional Flat Plate Lead Acid Industrial Battery,48V / 850AH,38.25 x 32.63 x 22.63,3288,39.37,3Yrs Full + 1Yrs Prorated,SB350 Blue
"FC5720/25-40/50/55/60  48v (33"")",48,38.69 x 32.94 x 23.35,SB350 BLUE,Code 1,A,18,V-FORCE TUBULAR,24-90VTA-21,15096.75556,V-Force VTA-VTE Battery,order code,24-85-21,24-90VTA-21,Tubular Low Maintenance Lead Acid Industrial Battery,48/900,38.22x32.61x22.63,3050,41.9,5 Years,N
"FC5720/25-40/50/55/60  48v (33"")",48,38.69 x 32.94 x 23.35,SB350 BLUE,Code 1,A,18,V-FORCE TUBULAR,24-100VTE-21,16335.37778,V-Force VTA-VTE Battery,order code,24-85-21,24-100VTE-21,Tubular Low Maintenance Lead Acid Industrial Battery,48/1000,38.22x32.61x20.63,3160,46.56,5 Years,N
"FC5720/25-40/50/55/60  48v (33"")",48,38.69 x 32.94 x 23.35,SB350 BLUE,Code 1,A,18,V-FORCE VTR,24-90VTR-21,14761.11111,V-Force VTR Battery,order code,24-85-21,24-90VTR-21,Tubular Flooded Lead Acid Industrial Battery,48/900,38.27 x 32.66 x 22.75,3158,41.9,5 Years,
"FC5740/45- 50/55/60  48v (36"")",48,38.69 x 36.38 x 23.35,SB350 BLUE,Code 1,A,18,STRYTEN F100 (CLASSIC),M2602408523B,11896,Master GNB List,order code,24-85-23,M2602408523B,Flooded Conventional Lead Acid Flat Plate Industrial Battery,48V / 935AH,38.44 x 35.88 x 22.2,3452,38.3724,3 Yrs Full + 2 Prorated,SB350 Blue
"FC5740/45- 50/55/60  48v (36"")",48,38.69 x 36.38 x 23.35,SB350 BLUE,Code 1,A,18,STRYTEN T300 (CMX),M2702408523B,13824,Master GNB List,order code,24-85-23,M2702408523B,Tubular Flooded Lead Acid Industrial Battery,48V / 935AH,38.44 x 35.88 x 22.63,3477,38.3724,5 Yrs Full + 1 Prorated,SB350 Blue
"FC5740/45- 50/55/60  48v (36"")",48,38.69 x 36.38 x 23.35,SB350 BLUE,Code 1,A,18,V-FORCE VTR,24-90VTR-23,16155.55556,V-Force VTR Battery,order code,24-85-23,24-90VTR-23,Tubular Flooded Lead Acid Industrial Battery,48/990,38.27 x 35.66 x 22.69,3473,46.09,5 Years,
"FC5740/45- 50/55/60  48v (36"")",48,38.69 x 36.38 x 23.35,SB350 BLUE,Code 1,A,18,COOLPOWER,24-85-23,11592.06304,Master CoolpowerList ,order code,24-85-23,24-85-23,Flooded Conventional Flat Plate Lead Acid Industrial Battery,48V / 935AH,38.44 x 35.88 x 22.63,2592,43.31,3Yrs Full + 1Yrs Prorated,SB350 Blue
"FC5740/45- 50/55/60  48v (36"")",48,38.69 x 36.38 x 23.35,SB350 BLUE,Code 1,A,18,V-FORCE TUBULAR,24-90VTA-23,15950,V-Force VTA-VTE Battery,order code,24-85-23,24-90VTA-23,Tubular Low Maintenance Lead Acid Industrial Battery,48/990,38.38x35.88x22.63,3400,46.09,5 Years,N
"FC5740/45- 50/55/60  48v (36"")",48,38.69 x 36.38 x 23.35,SB350 BLUE,Code 1,A,18,V-FORCE TUBULAR,24-100VTE-23,17794.4,V-Force VTA-VTE Battery,order code,24-85-23,24-100VTE-23,Tubular Low Maintenance Lead Acid Industrial Battery,48/1100,38.38x35.88x22.63,3400,51.22,5 Years,N
"MPC3000 (13"")",24,31.12 x 13.19 x 31.62,SB175 GRAY,13.19,A,20,V-FORCE VTR,12-125VTR-13,6688.888889,V-Force VTR Battery,order code,12-125-13,12-125VTR-13,Tubular Flooded Lead Acid Industrial Battery,24/750,30.65 x 12.71 x 30.81,1392,17.37,5 Years,
"MPC3000 (13"")",24,31.12 x 13.19 x 31.62,SB175 GRAY,13.19,A,20,V-FORCE VTR,12-90VTR-13,4969.444444,V-Force VTR Battery,order code,12-85-13,12-90VTR-13,Tubular Flooded Lead Acid Industrial Battery,24/540,30.65 x 12.71 x 23.12,983,12.57,5 Years,
"MPC3000 (13"")",24,31.12 x 13.19 x 31.62,SB175 GRAY,13.19,A,20,COOLPOWER,12-125-13,4751.242818,Master CoolpowerList ,order code,12-125-13,12-125-13,Flooded Conventional Flat Plate Lead Acid Industrial Battery,24V / 750AH,30.63 x 12.81 x 31,1500,17.37,3Yrs Full + 1Yrs Prorated,SB175 Gray
"MPC3000 (13"")",24,31.12 x 13.19 x 31.62,SB175 GRAY,13.19,A,20,STRYTEN F100 (CLASSIC),M1601212513A,4834,Master GNB List,order code,12-125-13,M1601212513A,Flooded Conventional Lead Acid Flat Plate Industrial Battery,24V / 750AH,30.63 x 12.81 x 31,1329,15.39,3 Yrs Full + 2 Prorated,SB175 Gray
"MPC3000 (13"")",24,31.12 x 13.19 x 31.62,SB175 GRAY,13.19,A,20,STRYTEN T300 (CMX),M1701212513A,5211,Master GNB List,order code,12-125-13,M1701212513A,Tubular Flooded Lead Acid Industrial Battery,24V / 750AH,30.63 x 12.81 x 31,1324,15.39,5 Yrs Full + 1 Prorated,SB175 Gray
"MPC3000 (13"")",24,31.12 x 13.19 x 31.62,SB175 GRAY,13.19,A,20,HAWKER FLEX,24FLX372_186 (310B34P02T-SBKY),8093.892593,Master Hawker List,order code,12-85-13,24FLX372_186 (310B34P02T-SBKY),HAWKER Sealed TPPL Technologic Industrial Battery,24V / 372AH,30.4 x 12.75 x 25,1006,,1 Year,N/A
"PE4500-60/80 (13"")",24,31.12 x 13.19 x 31.62,SB175 GRAY,13.19,A,20,V-FORCE VTR,12-90VTR-13,4969.444444,V-Force VTR Battery,order code,12-85-13,12-90VTR-13,Tubular Flooded Lead Acid Industrial Battery,24/540,30.65 x 12.71 x 23.12,983,12.57,5 Years,
"PE4500-60/80 (13"")",24,31.12 x 13.19 x 31.62,SB175 GRAY,13.19,A,20,V-FORCE VTR,12-125VTR-13,6688.888889,V-Force VTR Battery,order code,12-125-13,12-125VTR-13,Tubular Flooded Lead Acid Industrial Battery,24/750,30.65 x 12.71 x 30.81,1392,17.37,5 Years,
"PE4500-60/80 (13"")",24,31.12 x 13.19 x 31.62,SB175 GRAY,13.19,A,20,STRYTEN F100 (CLASSIC),M1601208513A,3844,Master GNB List,order code,12-85-13,M1601208513A,Flooded Conventional Lead Acid Flat Plate Industrial Battery,24V / 510AH,30.63 x 12.69 x 22.2,954,10.4652,3 Yrs Full + 2 Prorated,SB175 Gray
"PE4500-60/80 (13"")",24,31.12 x 13.19 x 31.62,SB175 GRAY,13.19,A,20,STRYTEN F110 (FPX),M1501210013A,4380,Master GNB List,order code,12-100-13,M1501210013A,Flooded Conventional Lead Acid Flat Plate Industrial Battery,24V / 600AH,30.69 x 12.69  x 26.13 ,1096,12.312,5 Yrs Full,SB175 Gray 
"PE4500-60/80 (13"")",24,31.12 x 13.19 x 31.62,SB175 GRAY,13.19,A,20,STRYTEN F100 (CLASSIC),M1601212513A,4834,Master GNB List,order code,12-125-13,M1601212513A,Flooded Conventional Lead Acid Flat Plate Industrial Battery,24V / 750AH,30.63 x 12.81 x 31,1329,15.39,3 Yrs Full + 2 Prorated,SB175 Gray
"PE4500-60/80 (13"")",24,31.12 x 13.19 x 31.62,SB175 GRAY,13.19,A,20,STRYTEN T300 (CMX),M1701208513A,4133,Master GNB List,order code,12-85-13,M1701208513A,Tubular Flooded Lead Acid Industrial Battery,24V / 510AH,30.63 x 12.69 x 22.2,960,10.4652,5 Yrs Full + 1 Prorated,SB175 Gray
"PE4500-60/80 (13"")",24,31.12 x 13.19 x 31.62,SB175 GRAY,13.19,A,20,STRYTEN T300 (CMX),M1701212513A,5211,Master GNB List,order code,12-125-13,M1701212513A,Tubular Flooded Lead Acid Industrial Battery,24V / 750AH,30.63 x 12.81 x 31,1324,15.39,5 Yrs Full + 1 Prorated,SB175 Gray
"PE4500-60/80 (13"")",24,31.12 x 13.19 x 31.62,SB175 GRAY,13.19,A,20,HAWKER FLEX,12-FLX250-13WB (311B01P01T2-SBKY),8447.716667,Master Hawker List,order code,12-85-13,12-FLX250-13WB (311B01P01T2-SBKY),HAWKER Sealed TPPL Technologic Industrial Battery,24V / 250AH,30.75 X 12.75 X 25.25,630,,1 Year,N/A
"PE4500-60/80 (13"")",24,31.12 x 13.19 x 31.62,SB175 GRAY,13.19,A,20,HAWKER FLEX,12-FLX500-25 (310B79P01T2-SBKY),10451.82963,Master Hawker List,order code,12-85-13,12-FLX500-25 (310B79P01T2-SBKY),HAWKER Sealed TPPL Technologic Industrial Battery,24V / 500AH,30.43 X 12.88 X 25.88,1128,,1 Year,N/A
"PE4500-60/80 (13"")",24,31.12 x 13.19 x 31.62,SB175 GRAY,13.19,A,20,HAWKER FLEX,24FLX372_186 (310B34P02T-SBKY),8093.892593,Master Hawker List,order code,12-85-13,24FLX372_186 (310B34P02T-SBKY),HAWKER Sealed TPPL Technologic Industrial Battery,24V / 372AH,30.4 x 12.75 x 25,1006,,1 Year,N/A
"PE4500-60/80 (13"")",24,31.12 x 13.19 x 31.62,SB175 GRAY,13.19,A,20,HAWKER FLEX,12-FLX560-25 (310B79P02T2-SBKY),11495.94444,Master Hawker List,order code,12-85-13,12-FLX560-25 (310B79P02T2-SBKY),HAWKER Sealed TPPL Technologic Industrial Battery,24V / 560AH,30.43 X 12.88 X 31,1392,,1 Year,N/A
"PE4500-60/80 (13"")",24,31.12 x 13.19 x 31.62,SB175 GRAY,13.19,A,20,COOLPOWER,12-85-13,3795,Master CoolpowerList ,order code,12-85-13,12-85-13,Flooded Conventional Flat Plate Lead Acid Industrial Battery,24V / 510AH,30.63 x 12.69 x 22.2,1020,12,3Yrs Full + 1Yrs Prorated,SB175 Gray
"PE4500-60/80 (7"")",24,34.44 x 6.69 x 31.62,SB175 GRAY,6.69,A,20,STRYTEN F100 (CLASSIC),M1601208507G,2329,Master GNB List,order code,12-85-7,M1601208507G,Flooded Conventional Lead Acid Flat Plate Industrial Battery,24V / 255AH,33.81 x 6.56 x 23.25,554,5.2326,3 Yrs Full + 2 Prorated,SB175 Gray
"PE4500-60/80 (7"")",24,34.44 x 6.69 x 31.62,SB175 GRAY,6.69,A,20,STRYTEN F100 (CLASSIC),M1601210007G,2555,Master GNB List,order code,12-100-07,M1601210007G,Flooded Conventional Lead Acid Flat Plate Industrial Battery,24V / 300AH,33.81 x 6.63 x 26.13,634,6.156,3 Yrs Full + 2 Prorated,SB175 Gray
"PR/PC4500-60/80 (13"")",24,31.12 x 13.19 x 31,SB175 GRAY,13.19,A,20,V-FORCE VTR,12-90VTR-13,4969.444444,V-Force VTR Battery,order code,12-85-13,12-90VTR-13,Tubular Flooded Lead Acid Industrial Battery,24/540,30.65 x 12.71 x 23.12,983,12.57,5 Years,
"PR/PC4500-60/80 (13"")",24,31.12 x 13.19 x 31,SB175 GRAY,13.19,A,20,V-FORCE VTR,12-125VTR-13,6688.888889,V-Force VTR Battery,order code,12-125-13,12-125VTR-13,Tubular Flooded Lead Acid Industrial Battery,24/750,30.65 x 12.71 x 30.81,1392,17.37,5 Years,
"PR/PC4500-60/80 (13"")",24,31.12 x 13.19 x 31,SB175 GRAY,13.19,A,20,STRYTEN F100 (CLASSIC),M1601208513A,3844,Master GNB List,order code,12-85-13,M1601208513A,Flooded Conventional Lead Acid Flat Plate Industrial Battery,24V / 510AH,30.63 x 12.69 x 22.2,954,10.4652,3 Yrs Full + 2 Prorated,SB175 Gray
"PR/PC4500-60/80 (13"")",24,31.12 x 13.19 x 31,SB175 GRAY,13.19,A,20,STRYTEN F100 (CLASSIC),M1601212513A,4834,Master GNB List,order code,12-125-13,M1601212513A,Flooded Conventional Lead Acid Flat Plate Industrial Battery,24V / 750AH,30.63 x 12.81 x 31,1329,15.39,3 Yrs Full + 2 Prorated,SB175 Gray
"PR/PC4500-60/80 (13"")",24,31.12 x 13.19 x 31,SB175 GRAY,13.19,A,20,STRYTEN T300 (CMX),M1701208513A,4133,Master GNB List,order code,12-85-13,M1701208513A,Tubular Flooded Lead Acid Industrial Battery,24V / 510AH,30.63 x 12.69 x 22.2,960,10.4652,5 Yrs Full + 1 Prorated,SB175 Gray
"PR/PC4500-60/80 (13"")",24,31.12 x 13.19 x 31,SB175 GRAY,13.19,A,20,STRYTEN T300 (CMX),M1701212513A,5211,Master GNB List,order code,12-125-13,M1701212513A,Tubular Flooded Lead Acid Industrial Battery,24V / 750AH,30.63 x 12.81 x 31,1324,15.39,5 Yrs Full + 1 Prorated,SB175 Gray
"PR/PC4500-60/80 (13"")",24,31.12 x 13.19 x 31,SB175 GRAY,13.19,A,20,COOLPOWER,12-85-13,3795,Master CoolpowerList ,order code,12-85-13,12-85-13,Flooded Conventional Flat Plate Lead Acid Industrial Battery,24V / 510AH,30.63 x 12.69 x 22.2,1020,12,3Yrs Full + 1Yrs Prorated,SB175 Gray
"PR/PC4500-60/80 (13"")",24,31.12 x 13.19 x 31,SB175 GRAY,13.19,A,20,STRYTEN F110 (FPX),M1501210013A,4380,Master GNB List,order code,12-100-13,M1501210013A,Flooded Conventional Lead Acid Flat Plate Industrial Battery,24V / 600AH,30.69 x 12.69  x 26.13 ,1096,12.312,5 Yrs Full,SB175 Gray 
"PW3510-60 12v (8"")",12,31.12 x 7.94 x 23.38,SB350 GRAY,7.94,A,20,COOLPOWER,6-85-13,2220,Master CoolpowerList ,order code,6-85-13,6-85-13,2q,12V / 510AH,30.87 x 7.75 x 23.25,1020,5.91,3Yrs Full + 1Yrs Prorated,SB175 Gray
"PW3520-60/80 24v (13"")",24,31.1 x 13.19 x 23.38,SB175 GRAY,13.19,A,20,STRYTEN F100 (CLASSIC),M1601208513A,3844,Master GNB List,order code,12-85-13,M1601208513A,Flooded Conventional Lead Acid Flat Plate Industrial Battery,24V / 510AH,30.63 x 12.69 x 22.2,954,10.4652,3 Yrs Full + 2 Prorated,SB175 Gray
"PW3520-60/80 24v (13"")",24,31.1 x 13.19 x 23.38,SB175 GRAY,13.19,A,20,STRYTEN F100 (CLASSIC),M1601212513A,4834,Master GNB List,order code,12-125-13,M1601212513A,Flooded Conventional Lead Acid Flat Plate Industrial Battery,24V / 750AH,30.63 x 12.81 x 31,1329,15.39,3 Yrs Full + 2 Prorated,SB175 Gray
"PW3520-60/80 24v (13"")",24,31.1 x 13.19 x 23.38,SB175 GRAY,13.19,A,20,STRYTEN T300 (CMX),M1701208513A,4133,Master GNB List,order code,12-85-13,M1701208513A,Tubular Flooded Lead Acid Industrial Battery,24V / 510AH,30.63 x 12.69 x 22.2,960,10.4652,5 Yrs Full + 1 Prorated,SB175 Gray
"PW3520-60/80 24v (13"")",24,31.1 x 13.19 x 23.38,SB175 GRAY,13.19,A,20,STRYTEN T300 (CMX),M1701212513A,5211,Master GNB List,order code,12-125-13,M1701212513A,Tubular Flooded Lead Acid Industrial Battery,24V / 750AH,30.63 x 12.81 x 31,1324,15.39,5 Yrs Full + 1 Prorated,SB175 Gray
"PW3520-60/80 24v (13"")",24,31.1 x 13.19 x 23.38,SB175 GRAY,13.19,A,20,COOLPOWER,12-85-13,3795,Master CoolpowerList ,order code,12-85-13,12-85-13,Flooded Conventional Flat Plate Lead Acid Industrial Battery,24V / 510AH,30.63 x 12.69 x 22.2,1020,12,3Yrs Full + 1Yrs Prorated,SB175 Gray
"PW3520-60/80 24v (7"")",24,34.44 x 6.69 x 23.38,SB175 GRAY,6.69,A,20,STRYTEN F100 (CLASSIC),M2601208507GA,2312,Master GNB List,order code,12-85-7,M2601208507GA,Flooded Conventional Lead Acid Flat Plate Industrial Battery,24V / 255AH,34.25 x 6.56 x 22.2,545,5.2326,3 Yrs Full + 2 Prorated,SB175 Gray
"PW3520-60/80 24v (7"")",24,34.44 x 6.69 x 23.38,SB175 GRAY,6.69,B,20,COOLPOWER,12-85-7,2739,Master CoolpowerList ,order code,12-85-7,12-85-7,Flooded Conventional Flat Plate Lead Acid Industrial Battery,24V / 255AH,25.38 x 8.69 x 23.25,650,5.91,3Yrs Full + 1Yrs Prorated,SB175 Gray
"RC5710/15-30 (14"")",36,38.56 x 13.6 x 31,SB350 GRAY,Code B4,A,12,V-FORCE VTR,18-125VTR-11,8640.277778,V-Force VTR Battery,order code,18-125-11,18-125VTR-11,Tubular Flooded Lead Acid Industrial Battery,36/625,38.02 x 13.34 x 30.50,1800,21.71,5 Years,
"RC5710/15-30 (14"")",36,38.56 x 13.6 x 31,SB350 GRAY,Code B4,A,12,STRYTEN F100 (CLASSIC),M2601812511B,6290,Master GNB List,order code,18-125-11,M2601812511B,Flooded Conventional Lead Acid Flat Plate Industrial Battery,36V / 625AH,38.01 x 13.25 x 30.5,1707,19.2375,3 Yrs Full + 2 Prorated,SB350 Gray
"RC5710/15-30 (14"")",36,38.56 x 13.6 x 31,SB350 GRAY,Code B4,A,12,STRYTEN T300 (CMX),M2701812511B,6782,Master GNB List,order code,18-125-11,M2701812511B,Tubular Flooded Lead Acid Industrial Battery,36V / 625AH,38.01 x 13.25 x 30.5,1701,19.2375,5 Yrs Full + 1 Prorated,SB350 Gray
"RC5710/15-30 (14"")",36,38.56 x 13.6 x 31,SB350 GRAY,Code B4,A,12,HAWKER FLEX,36FLX372_186 (206669T-SBKN(510738)),11987.29259,Master Hawker List,order code,18-125-11,36FLX372_186 (206669T-SBKN(510738)),HAWKER Sealed TPPL Technologic Industrial Battery,36V / 372AH,38.02 X 13.31 X 26.61,1800,,1 Year,N/A
"RC5710/15-30 (14"")",36,38.56 x 13.6 x 31,SB350 GRAY,Code B4,A,12,COOLPOWER,18-125-11,6279.268506,Master CoolpowerList ,order code,18-125-11,18-125-11,Flooded Conventional Flat Plate Lead Acid Industrial Battery,36V / 625AH,38.01 x 13.25 x 30.5,1944,21.83,3Yrs Full + 1Yrs Prorated,SB350 Gray
"RC5710/15-30 (14"")",36,38.56 x 13.6 x 31,SB350 GRAY,Code B4,A,12,V-FORCE TUBULAR,18-125VTA-11,8049.111111,V-Force VTA-VTE Battery,order code,18-125-11,18-125VTA-11,Tubular Low Maintenance Lead Acid Industrial Battery,36/625,38.1 x 13.38 x 30.5,1815,21.83,5 Years,N
"RC5710/15-30 (14"")",36,38.56 x 13.6 x 31,SB350 GRAY,Code B4,A,12,V-FORCE TUBULAR,18-140VTE-11,8950.044444,V-Force VTA-VTE Battery,order code,18-125-11,18-140VTE-11,Tubular High Capacity Lead Acid Industrial Battery,36/700,38.02 x 13.34 x 30.5,1818,24.44,5 Years,N
"RC5720/25-30 (16"")",36,38.56 x 15.88 x 31,SB350 GRAY,C3,A,12,V-FORCE VTR,18-125VTR-13,9852.777778,V-Force VTR Battery,order code,18-125-13,18-125VTR-13,Tubular Flooded Lead Acid Industrial Battery,36/750,37.91 x 15.59 x 30.5,2088,26.06,5 Years,
"RC5720/25-30 (16"")",36,38.56 x 15.88 x 31,SB350 GRAY,C3,A,12,STRYTEN F100 (CLASSIC),M2601812513B,7163,Master GNB List,order code,18-125-13,M2601812513B,Flooded Conventional Lead Acid Flat Plate Industrial Battery,36V / 750AH,37.94 x 15.63 x 30.5,2042,23.085,3 Yrs Full + 2 Prorated,SB350 Gray
"RC5720/25-30 (16"")",36,38.56 x 15.88 x 31,SB350 GRAY,C3,A,12,V-FORCE TUBULAR,18-125VTA-13,9392.133333,V-Force VTA-VTE Battery,order code,18-125-13,18-125VTA-13,Tubular Low Maintenance Lead Acid Industrial Battery,36/750,38.1 x 15.59 x 30.5,2061,26.19,5 Years,N
"RC5720/25-30 (16"")",36,38.56 x 15.88 x 31,SB350 GRAY,C3,A,12,STRYTEN T300 (CMX),M2701812513B,7730,Master GNB List,order code,18-125-13,M2701812513B,Tubular Flooded Lead Acid Industrial Battery,36V / 750AH,37.94 x 15.63 x 30.5,2034,23.085,5 Yrs Full + 1 Prorated,SB350 Gray
"RC5720/25-30 (16"")",36,38.56 x 15.88 x 31,SB350 GRAY,C3,A,12,HAWKER FLEX,18-FLX560-25 (310B66P02T2-SBKN),15151.68148,Master Hawker List,order code,18-125-13,18-FLX560-25 (310B66P02T2-SBKN),HAWKER Sealed TPPL Technologic Industrial Battery,36V / 560AH,38.00 X 15.25 X 30.75,2088,,1 Year,N/A
"RC5720/25-30 (16"")",36,38.56 x 15.88 x 31,SB350 GRAY,C3,A,12,HAWKER FLEX,36FLX558_186 (206657T-SBKN),18346.77963,Master Hawker List,order code,18-125-13,36FLX558_186 (206657T-SBKN),HAWKER Sealed TPPL Technologic Industrial Battery,36V / 558AH,38.28 X 15.53 X 29.94,2235,,1 Year,N/A
"RC5720/25-30 (16"")",36,38.56 x 15.88 x 31,SB350 GRAY,C3,A,12,COOLPOWER,18-125-13,6909.100044,Master CoolpowerList ,order code,18-125-13,18-125-13,Flooded Conventional Flat Plate Lead Acid Industrial Battery,36V / 750AH,37.94 x 15.63 x 30.5,2250,26.19,3Yrs Full + 1Yrs Prorated,SB350 Gray
"RC5720/25-30 (16"")",36,38.56 x 15.88 x 31,SB350 GRAY,C3,A,12,V-FORCE TUBULAR,18-140VTE-13,10463.2,V-Force VTA-VTE Battery,order code,18-125-13,18-140VTE-13,Tubular High Capacity Lead Acid Industrial Battery,36/840,37.91 x 15.59 x 30.5,2113,29.33,5 Years,N
"RC5720/25-30 (16"")",36,38.56 x 15.88 x 31,SB350 GRAY,C3,A,12,V-FORCE VTR,18-125VTR-13,9852.777778,V-Force VTR Battery,order code,18-125-13,18-125VTR-13,Tubular Flooded Lead Acid Industrial Battery,36/750,37.91 x 15.59 x 30.5,2088,26.06,5 Years,
"RC5730/35-30 (18"")",36,38.56 x 18.2 x 31,SB350 GRAY,Code D-3,A,12,V-FORCE VTR,18-125VTR-15,11463.88889,V-Force VTR Battery,order code,18-125-15,18-125VTR-15,Tubular Flooded Lead Acid Industrial Battery,36/875,38.27 x 17.72 x 30.5,2376,30.4,5 Years,
"RC5730/35-30 (18"")",36,38.56 x 18.2 x 31,SB350 GRAY,Code D-3,A,12,STRYTEN F100 (CLASSIC),M2601812515B,8089,Master GNB List,order code,18-125-15,M2601812515B,Flooded Conventional Lead Acid Flat Plate Industrial Battery,36V / 875AH,38.31 x 17.88 x 30.5,2349,26.9325,3 Yrs Full + 2 Prorated,SB350 Gray
"RC5730/35-30 (18"")",36,38.56 x 18.2 x 31,SB350 GRAY,Code D-3,A,12,STRYTEN T300 (CMX),M2701812515B,8735,Master GNB List,order code,18-125-15,M2701812515B,Tubular Flooded Lead Acid Industrial Battery,36V / 875AH,38.31 x 17.88 x 30.5,2330,26.9325,5 Yrs Full + 1 Prorated,SB350 Gray
"RC5730/35-30 (18"")",36,38.56 x 18.2 x 31,SB350 GRAY,Code D-3,A,12,V-FORCE TUBULAR,18-125VTA-15,10711.95556,V-Force VTA-VTE Battery,order code,18-125-15,18-125VTA-15,Tubular Low Maintenance Lead Acid Industrial Battery,36/875,38.31 x 17.86 x 30.5,2354,30.56,5 Years,N
"RC5730/35-30 (18"")",36,38.56 x 18.2 x 31,SB350 GRAY,Code D-3,A,12,HAWKER FLEX,18-FLX625-31** (310B52P01T2-SBKN),18632.50926,Master Hawker List,order code,18-125-15,18-FLX625-31** (310B52P01T2-SBKN),HAWKER Sealed TPPL Technologic Industrial Battery,36V / 625AH,38.19 X 17.75 X 30.75,2412,,1 Year,N/A
"RC5730/35-30 (18"")",36,38.56 x 18.2 x 31,SB350 GRAY,Code D-3,A,12,HAWKER FLEX,18-FLX700-31 (206812T2-SBKN),18227.94815,Master Hawker List,order code,18-125-15,18-FLX700-31 (206812T2-SBKN),HAWKER Sealed TPPL Technologic Industrial Battery,36V / 700AH,38.33 x 17.75 x 30.56,2400,,1 Year,N/A
"RC5730/35-30 (18"")",36,38.56 x 18.2 x 31,SB350 GRAY,Code D-3,A,12,COOLPOWER,18-125-15,7924.377048,Master CoolpowerList ,order code,18-125-15,18-125-15,Flooded Conventional Flat Plate Lead Acid Industrial Battery,36V / 875AH,38.31 x 17.88 x 30.5,2556,30.56,3Yrs Full + 1Yrs Prorated,SB350 Gray
"RC5730/35-30 (18"")",36,38.56 x 18.2 x 31,SB350 GRAY,Code D-3,A,12,V-FORCE TUBULAR,18-140VTE-15,11948,V-Force VTA-VTE Battery,order code,18-125-15,18-140VTE-15,Tubular High Capacity Lead Acid Industrial Battery,36/980,38.31 x 17.86 x 30.5,2448,34.22,5 Years,N
"RC5740/45-40 (20"")",36,38.56 x 20.5 x 31,SB350 GRAY,Code E-3,A,12,V-FORCE VTR,18-125VTR-17B,12730.55556,V-Force VTR Battery,order code,18-125-17,18-125VTR-17B,Tubular Flooded Lead Acid Industrial Battery,36/1000,38.38 x 20.42 x 30.88,2808,34.74,5 Years,
"RC5740/45-40 (20"")",36,38.56 x 20.5 x 31,SB350 GRAY,Code E-3,A,12,STRYTEN F100 (CLASSIC),M2601812517B,9251,Master GNB List,order code,18-125-17,M2601812517B,Flooded Conventional Lead Acid Flat Plate Industrial Battery,36V / 1000AH,38.31 x 20.13 x 30.5,2673,30.78,3 Yrs Full + 2 Prorated,SB350 Gray
"RC5740/45-40 (20"")",36,38.56 x 20.5 x 31,SB350 GRAY,Code E-3,A,12,STRYTEN T300 (CMX),M2701812517B,9993,Master GNB List,order code,18-125-17,M2701812517B,Tubular Flooded Lead Acid Industrial Battery,36V / 1000AH,38.31 x 20.13 x 30.5,2652,30.78,5 Yrs Full + 1 Prorated,SB350 Gray
"RC5740/45-40 (20"")",36,38.56 x 20.5 x 31,SB350 GRAY,Code E-3,A,12,HAWKER FLEX,18-FLX750-37** (310B47P01T2-SBKN),20900.98889,Master Hawker List,order code,18-125-17,18-FLX750-37** (310B47P01T2-SBKN),HAWKER Sealed TPPL Technologic Industrial Battery,36V / 750AH,37.12 X 20.25 X 30.75,2718,,1 Year,N/A
"RC5740/45-40 (20"")",36,38.56 x 20.5 x 31,SB350 GRAY,Code E-3,A,12,HAWKER FLEX,18-FLX840-37 (CUSTOM),20900.98889,Master Hawker List,order code,18-125-17,18-FLX840-37 (CUSTOM),HAWKER Sealed TPPL Technologic Industrial Battery,36V / 840AH,38.25 X 20.25 X 30.75,2760,,1 Year,N/A
"RC5740/45-40 (20"")",36,38.56 x 20.5 x 31,SB350 GRAY,Code E-3,A,12,HAWKER FLEX,18-FLX840-37 (206813T2-SBKN),20900.98889,Master Hawker List,order code,18-125-17,18-FLX840-37 (206813T2-SBKN),HAWKER Sealed TPPL Technologic Industrial Battery,36V / 840AH,38.33 X 20.21 X 30.56,2737,,1 Year,N/A
"RC5740/45-40 (20"")",36,38.56 x 20.5 x 31,SB350 GRAY,Code E-3,A,12,HAWKER FLEX,36FLX558_186 (510548T-SGRN CUSTOM),20042.46481,Master Hawker List,order code,36FLX558_186 (510548T-SGRN CUSTOM),36FLX558_186 (510548T-SGRN CUSTOM),HAWKER Sealed TPPL Technologic Industrial Battery,36V / 558AH,38.27 x 20.15 x 25.75,2600,,1 Year,N/A
"RC5740/45-40 (20"")",36,38.56 x 20.5 x 31,SB350 GRAY,Code E-3,A,12,COOLPOWER,18-125-17,8902.605138,Master CoolpowerList ,order code,18-125-17,18-125-17,Flooded Conventional Flat Plate Lead Acid Industrial Battery,36V / 1000AH,38.31 x 20.13 x 30.5,2844,34.74,3Yrs Full + 1Yrs Prorated,SB350 Gray
"RC5740/45-40 (20"")",36,38.56 x 20.5 x 31,SB350 GRAY,Code E-3,A,12,V-FORCE TUBULAR,18-125VTA-17,12265.06667,V-Force VTA-VTE Battery,order code,18-125-17,18-125VTA-17,Tubular Low Maintenance Lead Acid Industrial Battery,36/1000,38.27x20.1x30.5,2614,34.74,5 Years,N
"RC5740/45-40 (20"")",36,38.56 x 20.5 x 31,SB350 GRAY,Code E-3,A,12,V-FORCE TUBULAR,18-140VTE-17,13662.22222,V-Force VTA-VTE Battery,order code,18-125-17,18-140VTE-17,Tubular High Capacity Lead Acid Industrial Battery,36/1120,38.27x20.1x30.5,2701,38.91,5 Years,N
"RC5755-40 (22"")",36,38.56 x 22.8 x 31,SB350 GRAY,Code F-3,A,12,V-FORCE VTR,18-125VTR-19,14315.27778,V-Force VTR Battery,order code,18-125-19,18-125VTR-19,Tubular Flooded Lead Acid Industrial Battery,36/1125,38.56 x 22.66 x 30.92,3100,39.08,5 Years,
"RC5755-40 (22"")",36,38.56 x 22.8 x 31,SB350 GRAY,Code F-3,A,12,STRYTEN T300 (CMX),M2701812519B,11172,Master GNB List,order code,18-125-19,M2701812519B,Tubular Flooded Lead Acid Industrial Battery,36V / 1125AH,38.31 x 22.38 x 30.5,3100,34.6275,5 Yrs Full + 1 Prorated,SB350 Gray
"RC5755-40 (22"")",36,38.56 x 22.8 x 31,SB350 GRAY,Code F-3,A,12,V-FORCE TUBULAR,18-125VTA-19,13752.44444,V-Force VTA-VTE Battery,order code,18-125-19,18-125VTA-19,Tubular Low Maintenance Lead Acid Industrial Battery,36/1125,38.31 x 22.38 x 30.5,3118,39.29,5 Years,N
"RC5755-40 (22"")",36,38.56 x 22.8 x 31,SB350 GRAY,Code F-3,A,12,V-FORCE TUBULAR,18-140VTE-19,15296.53333,V-Force VTA-VTE Battery,order code,18-125-19,18-140VTE-19,Tubular High Capacity Lead Acid Industrial Battery,36/1260,38.21x22.38x30.5,3184,44,5 Years,N
"RC5755-40 (22"")",36,38.56 x 22.8 x 31,SB350 GRAY,Code F-3,A,12,,18-FLX840-37 (206950T2-SBKN),23118.73148,,sin match,,18-FLX840-37 (206950T2-SBKN),HAWKER Sealed TPPL Technologic Industrial Battery,36V / 840AH,38.31 X 22.31 X 30.56,3168,,1 Year,
"RM/RMD6025 - RM/RMD6095S (16"")",36,38.38 x 16.25 x 31,SB350 GRAY,C14,A,9,V-FORCE VTR,18-125VTR-13,9852.777778,V-Force VTR Battery,order code,18-125-13,18-125VTR-13,Tubular Flooded Lead Acid Industrial Battery,36/750,37.91 x 15.59 x 30.5,2088,26.06,5 Years,
"RM/RMD6025 - RM/RMD6095S (16"")",36,38.38 x 16.25 x 31,SB350 GRAY,C14,A,9,STRYTEN F100 (CLASSIC),M2601812513B,7163,Master GNB List,order code,18-125-13,M2601812513B,Flooded Conventional Lead Acid Flat Plate Industrial Battery,36V / 750AH,37.94 x 15.63 x 30.5,2042,23.085,3 Yrs Full + 2 Prorated,SB350 Gray
"RM/RMD6025 - RM/RMD6095S (16"")",36,38.38 x 16.25 x 31,SB350 GRAY,C14,A,9,STRYTEN T300 (CMX),M2701812513B,7730,Master GNB List,order code,18-125-13,M2701812513B,Tubular Flooded Lead Acid Industrial Battery,36V / 750AH,37.94 x 15.63 x 30.5,2034,23.085,5 Yrs Full + 1 Prorated,SB350 Gray
"RM/RMD6025 - RM/RMD6095S (16"")",36,38.38 x 16.25 x 31,SB350 GRAY,C14,A,9,HAWKER FLEX,18-FLX560-25 (310B66P02T2-SBKN),15151.68148,Master Hawker List,order code,18-125-13,18-FLX560-25 (310B66P02T2-SBKN),HAWKER Sealed TPPL Technologic Industrial Battery,36V / 560AH,38.00 X 15.25 X 30.75,2088,,1 Year,N/A
"RM/RMD6025 - RM/RMD6095S (16"")",36,38.38 x 16.25 x 31,SB350 GRAY,C14,A,9,COOLPOWER,18-125-13,6909.100044,Master CoolpowerList ,order code,18-125-13,18-125-13,Flooded Conventional Flat Plate Lead Acid Industrial Battery,36V / 750AH,37.94 x 15.63 x 30.5,2250,26.19,3Yrs Full + 1Yrs Prorated,SB350 Gray
"RM/RMD6025 - RM/RMD6095S (16"")",36,38.38 x 16.25 x 31,SB350 GRAY,C14,A,9,HAWKER FLEX,36FLX558_186 (206657T-SBKN),18346.77963,Master Hawker List,order code,18-125-13,36FLX558_186 (206657T-SBKN),HAWKER Sealed TPPL Technologic Industrial Battery,36V / 558AH,38.28 X 15.53 X 29.94,2235,,1 Year,N/A
"RM/RMD6025 - RM/RMD6095S (16"")",36,38.38 x 16.25 x 31,SB350 GRAY,C14,A,9,HAWKER FLEX,18-FLX560-25 (310B66P02T2-SBKN),15151.68148,Master Hawker List,order code,18-125-13,18-FLX560-25 (310B66P02T2-SBKN),HAWKER Sealed TPPL Technologic Industrial Battery,36V / 560AH,38.00 X 15.25 X 30.75,2088,,1 Year,N/A
"RM/RMD6025 - RM/RMD6095S (18"")",36,38.69 x 18 x 31,SB350 GRAY,D24,A,9,V-FORCE VTR,18-125VTR-15,11463.88889,V-Force VTR Battery,order code,18-125-15,18-125VTR-15,Tubular Flooded Lead Acid Industrial Battery,36/875,38.27 x 17.72 x 30.5,2376,30.4,5 Years,
"RM/RMD6025 - RM/RMD6095S (18"")",36,38.69 x 18 x 31,SB350 GRAY,D24,A,9,STRYTEN F100 (CLASSIC),M2601812515B,8089,Master GNB List,order code,18-125-15,M2601812515B,Flooded Conventional Lead Acid Flat Plate Industrial Battery,36V / 875AH,38.31 x 17.88 x 30.5,2349,26.9325,3 Yrs Full + 2 Prorated,SB350 Gray
"RM/RMD6025 - RM/RMD6095S (18"")",36,38.69 x 18 x 31,SB350 GRAY,D24,A,9,STRYTEN T300 (CMX),M2701812515B,8735,Master GNB List,order code,18-125-15,M2701812515B,Tubular Flooded Lead Acid Industrial Battery,36V / 875AH,38.31 x 17.88 x 30.5,2330,26.9325,5 Yrs Full + 1 Prorated,SB350 Gray
"RM/RMD6025 - RM/RMD6095S (18"")",36,38.69 x 18 x 31,SB350 GRAY,D24,A,9,HAWKER FLEX,18-FLX625-31** (310B52P01T2-SBKN),18632.50926,Master Hawker List,order code,18-125-15,18-FLX625-31** (310B52P01T2-SBKN),HAWKER Sealed TPPL Technologic Industrial Battery,36V / 625AH,38.19 X 17.75 X 30.75,2412,,1 Year,N/A
"RM/RMD6025 - RM/RMD6095S (18"")",36,38.69 x 18 x 31,SB350 GRAY,D24,A,9,HAWKER FLEX,18-FLX700-31 (206812T2-SBKN),18227.94815,Master Hawker List,order code,18-125-15,18-FLX700-31 (206812T2-SBKN),HAWKER Sealed TPPL Technologic Industrial Battery,36V / 700AH,38.33 x 17.75 x 30.56,2400,,1 Year,N/A
"RM/RMD6025 - RM/RMD6095S (18"")",36,38.69 x 18 x 31,SB350 GRAY,D24,A,9,COOLPOWER,18-125-15,7924.377048,Master CoolpowerList ,order code,18-125-15,18-125-15,Flooded Conventional Flat Plate Lead Acid Industrial Battery,36V / 875AH,38.31 x 17.88 x 30.5,2556,30.56,3Yrs Full + 1Yrs Prorated,SB350 Gray
"RM/RMD6025 - RM/RMD6095S (20"")",36,38.69 x 20.75 x 31,SB350 GRAY,E30,A,9,V-FORCE VTR,18-125VTR-17B,12730.55556,V-Force VTR Battery,order code,18-125-17,18-125VTR-17B,Tubular Flooded Lead Acid Industrial Battery,36/1000,38.38 x 20.42 x 30.88,2808,34.74,5 Years,
"RM/RMD6025 - RM/RMD6095S (20"")",36,38.69 x 20.75 x 31,SB350 GRAY,E30,A,9,V-FORCE VTR,18-125VTR-17B,12730.55556,V-Force VTR Battery,order code,18-125-17,18-125VTR-17B,Tubular Flooded Lead Acid Industrial Battery,36/1000,38.38 x 20.42 x 30.88,2808,34.74,5 Years,
"RM/RMD6025 - RM/RMD6095S (20"")",36,38.69 x 20.75 x 31,SB350 GRAY,E30,A,9,STRYTEN F100 (CLASSIC),M2601812517B,9251,Master GNB List,order code,18-125-17,M2601812517B,Flooded Conventional Lead Acid Flat Plate Industrial Battery,36V / 1000AH,38.31 x 20.13 x 30.5,2673,30.78,3 Yrs Full + 2 Prorated,SB350 Gray
"RM/RMD6025 - RM/RMD6095S (20"")",36,38.69 x 20.75 x 31,SB350 GRAY,E30,A,9,STRYTEN T300 (CMX),M2701812517B,9993,Master GNB List,order code,18-125-17,M2701812517B,Tubular Flooded Lead Acid Industrial Battery,36V / 1000AH,38.31 x 20.13 x 30.5,2652,30.78,5 Yrs Full + 1 Prorated,SB350 Gray
"RM/RMD6025 - RM/RMD6095S (20"")",36,38.69 x 20.75 x 31,SB350 GRAY,E30,A,9,COOLPOWER,18-125-17,8902.605138,Master CoolpowerList ,order code,18-125-17,18-125-17,Flooded Conventional Flat Plate Lead Acid Industrial Battery,36V / 1000AH,38.31 x 20.13 x 30.5,2844,34.74,3Yrs Full + 1Yrs Prorated,SB350 Gray
"RM/RMD6025 - RM/RMD6095S (20"")",36,38.69 x 20.75 x 31,SB350 GRAY,E30,A,9,HAWKER FLEX,18-FLX840-37 (206813T2-SBKN),20900.98889,Master Hawker List,order code,18-125-17,18-FLX840-37 (206813T2-SBKN),HAWKER Sealed TPPL Technologic Industrial Battery,36V / 840AH,38.33 X 20.21 X 30.56,2737,,1 Year,N/A
"RM/RMD6025 - RM/RMD6095S (20"")",36,38.69 x 20.75 x 31,SB350 GRAY,E30,A,9,HAWKER FLEX,36FLX558_186 (510548T-SGRN CUSTOM),20042.46481,Master Hawker List,order code,36FLX558_186 (510548T-SGRN CUSTOM),36FLX558_186 (510548T-SGRN CUSTOM),HAWKER Sealed TPPL Technologic Industrial Battery,36V / 558AH,38.27 x 20.15 x 25.75,2600,,1 Year,N/A
"RM/RMD6025 - RM/RMD6095S (22"")",36,38.38 x 22.75 x 30,SB350 GRAY,F35,A,9,V-FORCE VTR,18-125VTR-19,14315.27778,V-Force VTR Battery,order code,18-125-19,18-125VTR-19,Tubular Flooded Lead Acid Industrial Battery,36/1125,38.56 x 22.66 x 30.92,3100,39.08,5 Years,
"RM/RMD6025 - RM/RMD6095S (22"")",36,38.38 x 22.75 x 30,SB350 GRAY,F35,A,9,STRYTEN T300 (CMX),M2701812519B,11172,Master GNB List,order code,18-125-19,M2701812519B,Tubular Flooded Lead Acid Industrial Battery,36V / 1125AH,38.31 x 22.38 x 30.5,3100,34.6275,5 Yrs Full + 1 Prorated,SB350 Gray
"RM/RMD6025 - RM/RMD6095S (22"")",36,38.38 x 22.75 x 30,SB350 GRAY,F35,A,9,HAWKER FLEX,18-FLX840-37 (206950T2-SBKN),23118.73148,Master Hawker List,order code,18-125-19,18-FLX840-37 (206950T2-SBKN),HAWKER Sealed TPPL Technologic Industrial Battery,36V / 840AH,38.31 X 22.31 X 30.56,3168,,1 Year,N/A
"RR/RD5725 - RR/RD5795S (16"")",36,38.44 x 16.25 x 24,SB350 GRAY,C14,A,9,STRYTEN F100 (CLASSIC),M2601812513B,7163,Master GNB List,order code,18-125-13,M2601812513B,Flooded Conventional Lead Acid Flat Plate Industrial Battery,36V / 750AH,37.94 x 15.63 x 30.5,2042,23.085,3 Yrs Full + 2 Prorated,SB350 Gray
"RR/RD5725 - RR/RD5795S (16"")",36,38.44 x 16.25 x 25,SB350 GRAY,C14,A,9,STRYTEN T300 (CMX),M2701812513B,7730,Master GNB List,order code,18-125-13,M2701812513B,Tubular Flooded Lead Acid Industrial Battery,36V / 750AH,37.94 x 15.63 x 30.5,2034,23.085,5 Yrs Full + 1 Prorated,SB350 Gray
"RR/RD5725 - RR/RD5795S (16"")",36,38.44 x 16.25 x 26,SB350 GRAY,C14,A,9,HAWKER FLEX,36FLX372_186 (206669T-SBKN(510738)),11987.29259,Master Hawker List,order code,18-125-11,36FLX372_186 (206669T-SBKN(510738)),HAWKER Sealed TPPL Technologic Industrial Battery,36V / 372AH,38.02 X 13.31 X 26.61,1800,,1 Year,N/A
"RR/RD5725 - RR/RD5795S (16"")",36,38.44 x 16.25 x 27,SB350 GRAY,C14,A,9,COOLPOWER,18-125-13,6909.100044,Master CoolpowerList ,order code,18-125-13,18-125-13,Flooded Conventional Flat Plate Lead Acid Industrial Battery,36V / 750AH,37.94 x 15.63 x 30.5,2250,26.19,3Yrs Full + 1Yrs Prorated,SB350 Gray
"RR/RD5725 - RR/RD5795S (16"")",36,38.44 x 16.25 x 28,SB350 GRAY,C14,A,9,HAWKER FLEX,36FLX558_186 (206657T-SBKN),18346.77963,Master Hawker List,order code,18-125-13,36FLX558_186 (206657T-SBKN),HAWKER Sealed TPPL Technologic Industrial Battery,36V / 558AH,38.28 X 15.53 X 29.94,2235,,1 Year,N/A
"RR/RD5725 - RR/RD5795S (16"")",36,38.44 x 16.25 x 29,SB350 GRAY,C14,A,9,V-FORCE TUBULAR,18-125VTA-13,9392.133333,V-Force VTA-VTE Battery,order code,18-125-13,18-125VTA-13,Tubular Low Maintenance Lead Acid Industrial Battery,36/750,38.1 x 15.59 x 30.5,2061,26.19,5 Years,N
"RR/RD5725 - RR/RD5795S (16"")",36,38.44 x 16.25 x 30,SB350 GRAY,C14,A,9,V-FORCE TUBULAR,18-140VTE-13,10463.2,V-Force VTA-VTE Battery,order code,18-125-13,18-140VTE-13,Tubular High Capacity Lead Acid Industrial Battery,36/840,37.91 x 15.59 x 30.5,2113,29.33,5 Years,N
"RR/RD5725 - RR/RD5795S (16"")",36,38.44 x 16.25 x 31,SB350 GRAY,C14,A,9,V-FORCE VTR,18-125VTR-13,9852.777778,V-Force VTR Battery,order code,18-125-13,18-125VTR-13,Tubular Flooded Lead Acid Industrial Battery,36/750,37.91 x 15.59 x 30.5,2088,26.06,5 Years,
"RR/RD5725 - RR/RD5795S (18"")",36,38.69 x 18.19 x 31,SB350 GRAY,D24,A,9,STRYTEN F100 (CLASSIC),M2601812515B,8089,Master GNB List,order code,18-125-15,M2601812515B,Flooded Conventional Lead Acid Flat Plate Industrial Battery,36V / 875AH,38.31 x 17.88 x 30.5,2349,26.9325,3 Yrs Full + 2 Prorated,SB350 Gray
"RR/RD5725 - RR/RD5795S (18"")",36,38.69 x 18.19 x 31,SB350 GRAY,D24,A,9,STRYTEN T300 (CMX),M2701812515B,8735,Master GNB List,order code,18-125-15,M2701812515B,Tubular Flooded Lead Acid Industrial Battery,36V / 875AH,38.31 x 17.88 x 30.5,2330,26.9325,5 Yrs Full + 1 Prorated,SB350 Gray
"RR/RD5725 - RR/RD5795S (18"")",36,38.69 x 18.19 x 31,SB350 GRAY,D24,A,9,HAWKER FLEX,18-FLX625-31** (310B52P01T2-SBKN),18632.50926,Master Hawker List,order code,18-125-15,18-FLX625-31** (310B52P01T2-SBKN),HAWKER Sealed TPPL Technologic Industrial Battery,36V / 625AH,38.19 X 17.75 X 30.75,2412,,1 Year,N/A
"RR/RD5725 - RR/RD5795S (18"")",36,38.69 x 18.19 x 31,SB350 GRAY,D24,A,9,HAWKER FLEX,18-FLX700-31 (206812T2-SBKN),18227.94815,Master Hawker List,order code,18-125-15,18-FLX700-31 (206812T2-SBKN),HAWKER Sealed TPPL Technologic Industrial Battery,36V / 700AH,38.33 x 17.75 x 30.56,2400,,1 Year,N/A
"RR/RD5725 - RR/RD5795S (18"")",36,38.69 x 18.19 x 31,SB350 GRAY,D24,A,9,COOLPOWER,18-125-15,7924.377048,Master CoolpowerList ,order code,18-125-15,18-125-15,Flooded Conventional Flat Plate Lead Acid Industrial Battery,36V / 875AH,38.31 x 17.88 x 30.5,2556,30.56,3Yrs Full + 1Yrs Prorated,SB350 Gray
"RR/RD5725 - RR/RD5795S (18"")",36,38.69 x 18.19 x 31,SB350 GRAY,D24,A,9,V-FORCE TUBULAR,18-125VTA-15,10711.95556,V-Force VTA-VTE Battery,order code,18-125-15,18-125VTA-15,Tubular Low Maintenance Lead Acid Industrial Battery,36/875,38.31 x 17.86 x 30.5,2354,30.56,5 Years,N
"RR/RD5725 - RR/RD5795S (18"")",36,38.69 x 18.19 x 31,SB350 GRAY,D24,A,9,V-FORCE TUBULAR,18-140VTE-15,11948,V-Force VTA-VTE Battery,order code,18-125-15,18-140VTE-15,Tubular High Capacity Lead Acid Industrial Battery,36/980,38.31 x 17.86 x 30.5,2448,34.22,5 Years,N
"RR/RD5725 - RR/RD5795S (18"")",36,38.69 x 18.19 x 31,SB350 GRAY,D24,A,9,V-FORCE VTR,18-125VTR-15,11463.88889,V-Force VTR Battery,order code,18-125-15,18-125VTR-15,Tubular Flooded Lead Acid Industrial Battery,36/875,38.27 x 17.72 x 30.5,2376,30.4,5 Years,
"RR/RD5725 - RR/RD5795S (20"")",36,38.69 x 20.75 x 31,SB350 GRAY,E30,A,9,V-FORCE VTR,18-125VTR-17B,12730.55556,V-Force VTR Battery,order code,18-125-17,18-125VTR-17B,Tubular Flooded Lead Acid Industrial Battery,36/1000,38.38 x 20.42 x 30.88,2808,34.74,5 Years,
"RR/RD5725 - RR/RD5795S (20"")",36,38.69 x 20.75 x 31,SB350 GRAY,E30,A,9,STRYTEN F100 (CLASSIC),M2601812517B,9251,Master GNB List,order code,18-125-17,M2601812517B,Flooded Conventional Lead Acid Flat Plate Industrial Battery,36V / 1000AH,38.31 x 20.13 x 30.5,2673,30.78,3 Yrs Full + 2 Prorated,SB350 Gray
"RR/RD5725 - RR/RD5795S (20"")",36,38.69 x 20.75 x 31,SB350 GRAY,E30,A,9,STRYTEN T300 (CMX),M2701812517B,9993,Master GNB List,order code,18-125-17,M2701812517B,Tubular Flooded Lead Acid Industrial Battery,36V / 1000AH,38.31 x 20.13 x 30.5,2652,30.78,5 Yrs Full + 1 Prorated,SB350 Gray
"RR/RD5725 - RR/RD5795S (20"")",36,38.69 x 20.75 x 31,SB350 GRAY,E30,A,9,HAWKER FLEX,18-FLX750-37** (310B47P01T2-SBKN),20900.98889,Master Hawker List,order code,18-125-17,18-FLX750-37** (310B47P01T2-SBKN),HAWKER Sealed TPPL Technologic Industrial Battery,36V / 750AH,37.12 X 20.25 X 30.75,2718,,1 Year,N/A
"RR/RD5725 - RR/RD5795S (20"")",36,38.69 x 20.75 x 31,SB350 GRAY,E30,A,9,HAWKER FLEX,18-FLX840-37 (206813T2-SBKN),20900.98889,Master Hawker List,order code,18-125-17,18-FLX840-37 (206813T2-SBKN),HAWKER Sealed TPPL Technologic Industrial Battery,36V / 840AH,38.33 X 20.21 X 30.56,2737,,1 Year,N/A
"RR/RD5725 - RR/RD5795S (20"")",36,38.69 x 20.75 x 31,SB350 GRAY,E30,A,9,COOLPOWER,18-125-17,8902.605138,Master CoolpowerList ,order code,18-125-17,18-125-17,Flooded Conventional Flat Plate Lead Acid Industrial Battery,36V / 1000AH,38.31 x 20.13 x 30.5,2844,34.74,3Yrs Full + 1Yrs Prorated,SB350 Gray
"RR/RD5725 - RR/RD5795S (20"")",36,38.69 x 20.75 x 31,SB350 GRAY,E30,A,9,V-FORCE TUBULAR,18-125VTA-17B,12415.86667,V-Force VTA-VTE Battery,order code,18-125-17,18-125VTA-17B,Tubular Low Maintenance Lead Acid Industrial Battery,36/1000,38.48 x 20.30 x 30.5,2806,34.92,5 Years,N
"RR/RD5725 - RR/RD5795S (20"")",36,38.69 x 20.75 x 31,SB350 GRAY,E30,A,9,V-FORCE TUBULAR,18-140VTE-17B,13047.42222,V-Force VTA-VTE Battery,order code,18-125-17,18-140VTE-17B,Tubular High Capacity Lead Acid Industrial Battery,36/1120,38.48 x 20.30 x 30.5,2862,39.11,5 Years,N
"RR/RD5725 - RR/RD5795S (22"")",36,38.69 x 22.75 x 31,SB350 GRAY,"f33,35",A,9,V-FORCE TUBULAR,18-125VTA-19,13752.44444,V-Force VTA-VTE Battery,order code,18-125-19,18-125VTA-19,Tubular Low Maintenance Lead Acid Industrial Battery,36/1125,38.31 x 22.38 x 30.5,3118,39.29,5 Years,N
"RR/RD5725 - RR/RD5795S (22"")",36,38.69 x 22.75 x 31,SB350 GRAY,"f33,35",A,9,V-FORCE TUBULAR,18-140VTE-19,15296.53333,V-Force VTA-VTE Battery,order code,18-125-19,18-140VTE-19,Tubular High Capacity Lead Acid Industrial Battery,36/1260,38.21x22.38x30.5,3184,44,5 Years,N
"RR/RD5725 - RR/RD5795S (22"")",36,38.69 x 22.75 x 31,SB350 GRAY,"f33,35",A,9,V-FORCE VTR,18-125VTR-19,14315.27778,V-Force VTR Battery,order code,18-125-19,18-125VTR-19,Tubular Flooded Lead Acid Industrial Battery,36/1125,38.56 x 22.66 x 30.92,3100,39.08,5 Years,
"RR/RD5725 - RR/RD5795S (22"")",36,38.69 x 22.75 x 31,SB350 GRAY,"f33,35",A,9,STRYTEN T300 (CMX),M2701812519B,11172,Master GNB List,order code,18-125-19,M2701812519B,Tubular Flooded Lead Acid Industrial Battery,36V / 1125AH,38.31 x 22.38 x 30.5,3100,34.6275,5 Yrs Full + 1 Prorated,SB350 Gray
"RR5715-35/40 (14"")",24,36.25 x 14.25 x 31,SB350 RED,Code B6,A,9,V-FORCE VTR,12-125VTR-17,9059.722222,V-Force VTR Battery,order code,12-125-17,12-125VTR-17,Tubular Flooded Lead Acid Industrial Battery,24/1000,38.12 x 13.45 x 30.5,1800,23.16,5 Years,
"RR5715-35/40 (14"")",24,36.25 x 14.25 x 31,SB350 RED,Code B6,A,9,V-FORCE VTR,12-125VTR-19,10076.38889,V-Force VTR Battery,order code,12-125-19,12-125VTR-19,Tubular Flooded Lead Acid Industrial Battery,24/1125,38.27 x 14.92 x 30.5,2016,26.06,5 Years,
"RR5715-35/40 (14"")",24,36.25 x 14.25 x 31,SB350 RED,Code B6,A,9,STRYTEN F100 (CLASSIC),M2601212515A6,5786,Master GNB List,order code,12-125-15,M2601212515A6,Flooded Conventional Lead Acid Flat Plate Industrial Battery,24V / 875AH,35.25 x 14 x 30.5,1695,17.955,3 Yrs Full + 2 Prorated,SB350 Red
"RR5715-35/40 (14"")",24,36.25 x 14.25 x 31,SB350 RED,Code B6,A,9,STRYTEN T300 (CMX),M2701212515A6,6203,Master GNB List,order code,12-125-15,M2701212515A6,Tubular Flooded Lead Acid Industrial Battery,24V / 875AH,35.25 x 14 x 30.5,1598,17.955,5 Yrs Full + 1 Prorated,SB350 Red
"RR5715-35/40 (14"")",24,36.25 x 14.25 x 31,SB350 RED,Code B6,A,9,COOLPOWER,12-125-15,5425.284102,Master CoolpowerList ,order code,12-125-15,12-125-15,Flooded Conventional Flat Plate Lead Acid Industrial Battery,24V / 875AH,35.25 x 14 x 30.5,1704,20.27,3Yrs Full + 1Yrs Prorated,SB350 Red
"RR5715-35/40 (14"")",24,36.25 x 14.25 x 31,SB350 RED,Code B5,A,9,COOLPOWER,12-125-17,6087.583572,Master CoolpowerList ,order code,12-125-17,12-125-17,Flooded Conventional Flat Plate Lead Acid Industrial Battery,24V / 1000AH,38.13 x 13.44 x 30.5,1896,23.28,3Yrs Full + 1Yrs Prorated,SB350 Red
"RR5715-35/40 (16"")",24,38.38 x 16.25 x 31,SB350 RED,Code B13,A,9,STRYTEN F100 (CLASSIC),M2601212519B,6935,Master GNB List,order code,12-125-19,M2601212519B,Flooded Conventional Lead Acid Flat Plate Industrial Battery,24V / 1125AH,38.19 x 15 x 30.5,1974,23.085,3 Yrs Full + 2 Prorated,SB350 Red
"RR5715-35/40 (16"")",24,38.38 x 16.25 x 31,SB350 RED,Code B13,A,9,STRYTEN T300 (CMX),M2701212519B,7484,Master GNB List,order code,12-125-19,M2701212519B,Tubular Flooded Lead Acid Industrial Battery,24V / 1125AH,38.19 x 15 x 30.5,1961,23.085,5 Yrs Full + 1 Prorated,SB350 Red
"RR5715-35/40 (16"")",24,38.38 x 16.25 x 32,SB350 RED,"Code B5,7",A,9,V-FORCE TUBULAR,12-125VTA-19,9191.066667,V-Force VTA-VTE Battery,order code,12-125-19,12-125VTA-19,Tubular Low Maintenance Lead Acid Industrial Battery,24/1125,38.3 x 15.50 x 30.5,1984,26.19,5 Years,N
"RR5715-35/40 (16"")",24,38.38 x 16.25 x 33,SB350 RED,"Code B5,7",A,9,V-FORCE TUBULAR,12-140VTE-19,10215.73333,V-Force VTA-VTE Battery,order code,12-125-19,12-140VTE-19,Tubular High Capacity Lead Acid Industrial Battery,24/1260,38.3 x 15.50 x 30.5,1984,29.33,5 Years,N
"RR5715-35/40 (16"")",24,38.38 x 16.25 x 34,SB350 RED,"Code B5,7",A,9,V-FORCE VTR,12-125VTR-19,10076.38889,V-Force VTR Battery,order code,12-125-19,12-125VTR-19,Tubular Flooded Lead Acid Industrial Battery,24/1125,38.27 x 14.92 x 30.5,2016,26.06,5 Years,
"RR5715-35/40 (16"")",24,38.38 x 16.25 x 31,SB350 RED,Code C14,A,9,V-FORCE VTR,12-125VTR-19,10076.38889,V-Force VTR Battery,order code,12-125-19,12-125VTR-19,Tubular Flooded Lead Acid Industrial Battery,24/1125,38.27 x 14.92 x 30.5,2016,26.06,5 Years,
"RT4020 (11"")",24,25.43 x 11.1 x 27.5,SB175 GRAY,Opt 4,A,20,V-FORCE VTR,12-90VTR-09,3813.888889,V-Force VTR Battery,order code,12-85-9,12-90VTR-09,Tubular Flooded Lead Acid Industrial Battery,24/360,25.37 x 10.85 x 23.12,680,8.38,5 Years,
"RT4020 (11"")",24,25.43 x 11.1 x 27.5,SB175 GRAY,Opt 4,A,20,V-FORCE VTR,12-90VTR-07,3200,V-Force VTR Battery,order code,12-85-7,12-90VTR-07,Tubular Flooded Lead Acid Industrial Battery,24/270,25.37 x 8.6 x 23.12,559,6.29,5 Years,
"RT4020 (11"")",24,25.43 x 11.1 x 27.5,SB175 GRAY,Opt 4,A,20,STRYTEN F110 (FPX),M1501208509D,3173,Master GNB List,order code,12-85-9,M1501208509D,Flooded Conventional Lead Acid Flat Plate Industrial Battery,24V / 340AH,25.5 x 10.88 x 23.25,709,6.9768,5 Yrs Full,SB175 Gray 
"RT4020 (8"")",24,25.43 x 8.8 x 27.5,SB175 GRAY,Opt 1,A,20,STRYTEN F100 (CLASSIC),M1601208507D,2479,Master GNB List,order code,12-85-7,M1601208507D,Flooded Conventional Lead Acid Flat Plate Industrial Battery,24V / 255AH,25.38 x 8.69 x 23.25,565,5.2326,3 Yrs Full + 2 Prorated,SB175 Gray
"RT4020 (11"")",24,25.43 x 11.1 x 27.5,SB175 GRAY,Opt 4,A,20,HAWKER FLEX,24FLX332_166 (206366T),,,sin match,,24FLX332_166 (206366T),no encontrado,no encontrado,no encontrado,no encontrado,,no encontrado,
"SC5710/15-30 36v (16"")",36,38.81 x 16.01 x 22.63,SB350 GRAY,Code 13,A,9,COOLPOWER,18-85-13,6011.998314,Master CoolpowerList ,order code,18-85-13,18-85-13,Flooded Conventional Flat Plate Lead Acid Industrial Battery,36V / 510AH,38 x 15.5 x 22.2,2844,18,3Yrs Full + 1Yrs Prorated,SB350 Gray
"SC5710/15-30 36v (16"")",36,38.81 x 16.01 x 22.63,SB350 GRAY,Code 13,A,9,HAWKER FLEX,36FLX314_157 (206919T-SBKN),,,sin match,,36FLX314_157 (206919T-SBKN),no encontrado,no encontrado,no encontrado,no encontrado,,no encontrado,
"SC5710/15-30 36v (16"")",36,38.81 x 16.01 x 22.63,SB350 GRAY,Code 13,A,9,V-FORCE TUBULAR,18-90VTA-13,7192,V-Force VTA-VTE Battery,order code,18-85-13,18-90VTA-13,Tubular Low Maintenance Lead Acid Industrial Battery,36/540,38.37x15.56x22.63,1570,18.86,5 Years,N
"SC5710/15-30 36v (16"")",36,38.81 x 16.01 x 22.63,SB350 GRAY,Code 13,A,9,V-FORCE TUBULAR,18-100VTE-13,7737.2,V-Force VTA-VTE Battery,order code,18-100-13,18-100VTE-13,Tubular High Capacity Lead Acid Industrial Battery,36/600,38.37x15.56x22.63,1475,20.95,5 Years,N
"SC5710/15-30 36v (16"")",36,38.81 x 16.01 x 22.63,SB350 GRAY,Code 13,A,9,STRYTEN F100 (CLASSIC),M2601808513B,5637,Master GNB List,order code,18-85-13,M2601808513B,Flooded Conventional Lead Acid Flat Plate Industrial Battery,36V / 510AH,38 x 15.5 x 22.2,1740,15.6978,3 Yrs Full + 2 Prorated,SB350 Gray
"SC5720/25-30/35  36v (20"")",36,38.81 x 20.50 x 22.63,SB350 GRAY,Code 17,A,9,V-FORCE VTR,18-90VTR-17,9125,V-Force VTR Battery,order code,18-85-17,18-90VTR-17,Tubular Flooded Lead Acid Industrial Battery,36/720,38.27 x 19.94 x 22.75,1931,25.14,5 Years,
"SC5720/25-30/35  36v (20"")",36,38.81 x 20.50 x 22.63,SB350 GRAY,Code 17,A,9,STRYTEN T300 (CMX),M2701808517B,7871,Master GNB List,order code,18-85-17,M2701808517B,Tubular Flooded Lead Acid Industrial Battery,36V / 680AH,38.25 x 19.94 x 22.63,1935,20.9304,5 Yrs Full + 1 Prorated,SB350 Gray
"SC5720/25-30/35  36v (20"")",36,38.81 x 20.50 x 22.63,SB350 GRAY,Code 17,A,9,STRYTEN F100 (CLASSIC),M2601808517B,7298,Master GNB List,order code,18-85-17,M2601808517B,Flooded Conventional Lead Acid Flat Plate Industrial Battery,36V / 680AH,38.25 x 19.94 x 22.2,1931,20.9304,3 Yrs Full + 2 Prorated,SB350 Gray
"SC5720/25-30/35  36v (20"")",36,38.81 x 20.50 x 22.63,SB350 GRAY,Code 17,A,9,HAWKER FLEX,18-FLX660-37 (310B92P01T2-SBKN),16684.47407,Master Hawker List,order code,18-85-17,18-FLX660-37 (310B92P01T2-SBKN),HAWKER Sealed TPPL Technologic Industrial Battery,36V / 660AH,38.25 X 20.24 X 22.62,1998,,1 Year,N/A
"SC5720/25-30/35  36v (20"")",36,38.81 x 20.50 x 22.63,SB350 GRAY,Code 17,A,9,COOLPOWER,18-85-17,6925.78005,Master CoolpowerList ,order code,18-85-17,18-85-17,Flooded Conventional Flat Plate Lead Acid Industrial Battery,36V / 680AH,38.25 x 19.94 x 22.2,2016,24,3Yrs Full + 1Yrs Prorated,SB350 Gray
"SC5720/25-30/35  36v (20"")",36,38.81 x 20.50 x 22.63,SB350 GRAY,Code 17,A,9,V-FORCE TUBULAR,18-90VTA-17,9340.577778,V-Force VTA-VTE Battery,order code,18-85-17,18-90VTA-17,Tubular Low Maintenance Lead Acid Industrial Battery,36/720,38.21x19.92x22.63,1926,25.14,5 Years,N
"SC5720/25-30/35  36v (20"")",36,38.81 x 20.50 x 22.63,SB350 GRAY,Code 17,A,9,V-FORCE TUBULAR,18-100VTE-17,10122.93333,V-Force VTA-VTE Battery,order code,18-85-17,18-100VTE-17,Tubular High Capacity Lead Acid Industrial Battery,36/800,38.21x19.92x22.63,1926,27.94,5 Years,N
"SC5720/25-30/35  48v (20"")",36,38.81 x 20.50 x 22.63,SB350 GRAY,Code 17,A,9,V-FORCE VTR,24-90VTR-13B,9611.111111,V-Force VTR Battery,order code,24-85-13,24-90VTR-13B,Tubular Flooded Lead Acid Industrial Battery,48/540,37.91 x 20.45 x 22.68,1996,25.14,5 Years,
"SC5720/25-30/35  48v (20"")",48,38.81 x 20.50 x 22.63,SB350 GRAY,Code 17,A,9,V-FORCE VTR,24-90VTR-15C,11115.27778,V-Force VTR Battery,order code,24-85-15,24-90VTR-15C,Tubular Flooded Lead Acid Industrial Battery,48/630,38.27 x 24.62 x 22.69,2366,29.33,5 Years,
"SC5720/25-30/35  48v (20"")",48,38.81 x 20.50 x 22.63,SB350 GRAY,Code 17,A,9,SIN CLASIFICAR,M2902409013B,,,sin match,,M2902409013B,no encontrado,no encontrado,no encontrado,no encontrado,,no encontrado,
"SC5720/25-30/35  48v (20"")",48,38.81 x 20.50 x 22.63,SB350 GRAY,Code 17,A,9,COOLPOWER,24-85-13,7411.075854,Master CoolpowerList ,order code,24-85-13,24-85-13,Flooded Conventional Flat Plate Lead Acid Industrial Battery,48V / 510AH,38 x 20.5 x 22.2,2275,24,3Yrs Full + 1Yrs Prorated,SB350 Blue
"SC5740/45-30/35  36v (25"")",36,38.81 x 25 x 22.63,SB350 GRAY,Code 21,A,9,,18-90VTR-21,11665.27778,,sin match,,18-90VTR-21,Tubular Flooded Lead Acid Industrial Battery,36/900,38.27 x 24.43 x 22.75,2369,,5 Years,
"SC5740/45-30/35  36v (25"")",36,38.81 x 25 x 22.63,SB350 GRAY,Code 21,A,9,COOLPOWER,18-85-21,8339.546922,Master CoolpowerList ,order code,18-85-21,18-85-21,Flooded Conventional Flat Plate Lead Acid Industrial Battery,36V / 850AH,38.25 x 24.56 x 22.2,2466,30,3Yrs Full + 1Yrs Prorated,SB350 Gray
"SC5740/45-30/35  36v (25"")",36,38.81 x 25 x 22.63,SB350 GRAY,Code 21,A,9,STRYTEN T300 (CMX),M2701808521B,9447,Master GNB List,order code,18-85-21,M2701808521B,Tubular Flooded Lead Acid Industrial Battery,36V / 850AH,38.25 x 24.56 x 22.63,2313,26.163,5 Yrs Full + 1 Prorated,SB350 Gray
"SC5740/45-30/35  36v (25"")",36,38.81 x 25 x 22.63,SB350 GRAY,Code 21,A,9,HAWKER FLEX,18-FLX770-43 (310B75P01T2-SBKN),19178.6,Master Hawker List,order code,18-FLX770-43 (310B75P01T2-SBKN),18-FLX770-43 (310B75P01T2-SBKN),HAWKER Sealed TPPL Technologic Industrial Battery,36V / 770AH,38.12 X 24.25 X 22.62,2383,,1 Year,N/A
"SC5740/45-30/35  36v (25"")",36,38.81 x 25 x 22.63,SB350 GRAY,Code 21,A,9,SIN CLASIFICAR,M290189021B,,,sin match,,M290189021B,no encontrado,no encontrado,no encontrado,no encontrado,,no encontrado,
"SC5740/45-30/35  36v (25"")",36,38.81 x 25 x 22.63,SB350 GRAY,Code 21,A,9,V-FORCE TUBULAR,18-90VTA-21,11450.48889,V-Force VTA-VTE Battery,order code,18-85-21,18-90VTA-21,Tubular Low Maintenance Lead Acid Industrial Battery,36/900,38.21x24.34x22.63,2358,31.43,5 Years,N
"SC5740/45-30/35  36v (25"")",36,38.81 x 25 x 22.63,SB350 GRAY,Code 21,A,9,V-FORCE TUBULAR,18-100VTE-21,12405.55556,V-Force VTA-VTE Battery,order code,18-100-21,18-100VTE-21,Tubular High Capacity Lead Acid Industrial Battery,36/1000,38.21x24.3x22.63,2495,34.92,5 Years,N
"SC5740/45-30/35  48v (25"")",36,38.81 x 25 x 22.63,SB350 GRAY,Code 21,A,9,V-FORCE TUBULAR,24-90VTA-15,10998.08889,V-Force VTA-VTE Battery,order code,24-85-15,24-90VTA-15,Tubular Low Maintenance Lead Acid Industrial Battery,48/630,38.40x24.53x22.63,2280,29.33,5 Years,N
"SC5740/45-30/35  48v (25"")",36,38.81 x 25 x 22.63,SB350 GRAY,Code 21,A,9,V-FORCE TUBULAR,24-100VTE-15,13646.75556,V-Force VTA-VTE Battery,order code,24-85-15,24-100VTE-15,Tubular High Capacity Lead Acid Industrial Battery,48/700,38.40x24.53x22.63,2280,32.59,5 Years,N
"SC5740/45-30/35  48v (25"")",36,38.81 x 25 x 22.63,SB350 GRAY,Code 21,A,9,V-FORCE VTR,24-90VTR-15C,11115.27778,V-Force VTR Battery,order code,24-85-15,24-90VTR-15C,Tubular Flooded Lead Acid Industrial Battery,48/630,38.27 x 24.62 x 22.69,2366,29.33,5 Years,
"SC5740/45-30/35  48v (25"")",36,38.81 x 25 x 22.63,SB350 GRAY,Code 21,A,9,STRYTEN T300 (CMX),M2702408515B,9036,Master GNB List,order code,24-85-15,M2702408515B,Tubular Flooded Lead Acid Industrial Battery,48V / 595AH,38.19 x 23.5 x 22.62,2300,24.4188,5 Yrs Full + 1 Prorated,SB350 Blue
"SCF6241-30/35 (25"")",48,"24.8"" x 32.7"" x 24.7""",SB350 BLUE,,A,20,V-FORCE VTR,24-90VTR-11,9127.777778,V-Force VTR Battery,order code,24-85-11,24-90VTR-11,Tubular Flooded Lead Acid Industrial Battery,48/450,32.54 x 24.74 x 22.69,1796,20.95,5 Years,
"SCF6241-30/35 (25"")",48,"24.8"" x 32.7"" x 24.7""",SB350 BLUE,,A,20,SIN CLASIFICAR,24-85-11,,,sin match,,24-85-11,no encontrado,no encontrado,no encontrado,no encontrado,,no encontrado,
"SCF6241-30/35 (25"")",48,"24.8"" x 32.7"" x 24.7""",SB350 BLUE,,A,20,STRYTEN T300 (CMX),M2702408511Z6,7696,Master GNB List,order code,24-85-11,M2702408511Z6,Tubular Flooded Lead Acid Industrial Battery,48V / 425AH,32.56 x 24.63 x 22.63,1847,17.442,5 Yrs Full + 1 Prorated,SB350 Blue
"SCF6241-30/35 (25"")",48,"24.8"" x 32.7"" x 24.7""",SB350 BLUE,,A,20,HAWKER FLEX,48FLX498_166 (207350T-SBKN),19179.93519,Master Hawker List,order code,48FLX498_166 (207350T-SBKN),48FLX498_166 (207350T-SBKN),HAWKER Sealed TPPL Technologic Industrial Battery,48V / 166AH,32.25 X 24.25 X 24.50,1830,,1 Year,N/A
"SCF6261-40/43  (29"")",48,32.7 x 29.1 x 24.7,SB350 BLUE,,A,20,V-FORCE VTR,24-90VTR-13,10670.83333,V-Force VTR Battery,order code,24-85-13,24-90VTR-13,Tubular Flooded Lead Acid Industrial Battery,48/540,32.44 x 28.44 x 22.75,2250,25.14,5 Years,
"SCF6261-40/43  (29"")",48,32.7 x 29.1 x 24.7,SB350 BLUE,,A,20,SIN CLASIFICAR,M2902409013Z6,,,sin match,,M2902409013Z6,no encontrado,no encontrado,no encontrado,no encontrado,,no encontrado,
"SCF6261-40/43  (29"")",48,32.7 x 29.1 x 24.7,SB350 BLUE,,A,20,,M2702408513Z6,9028,,sin match,,M2702408513Z6,Tubular Flooded Lead Acid Industrial Battery,48V / 510AH,32.56 x 28.88 x 22.63,2275,,5 Yrs Full + 1 Prorated,
"SCF6261-40/43  (29"")",48,32.7 x 29.1 x 24.7,SB350 BLUE,,A,20,,24-FLX660-37 (311B20P01T2-SBKN),20914.34074,,sin match,,24-FLX660-37 (311B20P01T2-SBKN),HAWKER Sealed TPPL Technologic Industrial Battery,48V / 660AH,32.62 X 29.00 X 22.62,2297,,1 Year,
SH/SHR/SHC5540 (13'),24,31.1 x 13.12 x 24.8,SB175 GRAY,13.12,B,20,V-FORCE VTR,12-90VTR-13,4969.444444,V-Force VTR Battery,order code,12-85-13,12-90VTR-13,Tubular Flooded Lead Acid Industrial Battery,24/540,30.65 x 12.71 x 23.12,983,12.57,5 Years,
SH/SHR/SHC5540 (13'),24,31.1 x 13.12 x 24.8,SB175 GRAY,13.12,B,20,STRYTEN F100 (CLASSIC),M1601208513A,3844,Master GNB List,order code,12-85-13,M1601208513A,Flooded Conventional Lead Acid Flat Plate Industrial Battery,24V / 510AH,30.63 x 12.69 x 22.2,954,10.4652,3 Yrs Full + 2 Prorated,SB175 Gray
SH/SHR/SHC5540 (13'),24,31.1 x 13.12 x 24.8,SB175 GRAY,13.12,B,20,STRYTEN T300 (CMX),M1701208513A,4133,Master GNB List,order code,12-85-13,M1701208513A,Tubular Flooded Lead Acid Industrial Battery,24V / 510AH,30.63 x 12.69 x 22.2,960,10.4652,5 Yrs Full + 1 Prorated,SB175 Gray
SH/SHR/SHC5540 (13'),24,31.1 x 13.12 x 24.8,SB175 GRAY,13.12,B,20,COOLPOWER,12-85-13,3795,Master CoolpowerList ,order code,12-85-13,12-85-13,Flooded Conventional Flat Plate Lead Acid Industrial Battery,24V / 510AH,30.63 x 12.69 x 22.2,1020,12,3Yrs Full + 1Yrs Prorated,SB175 Gray
SH/SHR/SHC5540 (13'),24,31.1 x 13.12 x 24.8,SB175 GRAY,13.12,A,20,HAWKER FLEX,24FLX186WB (206747T-SBKY),8048.496296,Master Hawker List,order code,24FLX186WB (206747T-SBKY),24FLX186WB (206747T-SBKY),HAWKER Sealed TPPL Technologic Industrial Battery (Direct Connect),24V / 186AH,30.65 x 12.77 x 19.94,1012,,1 Year,N/A
"SH/SHR5520 (6"")",24,34.37 x 6.62 x 24.8,SB175 GRAY,6.62,B,18,STRYTEN F100 (CLASSIC),M2601208507GA,2312,Master GNB List,order code,12-85-7,M2601208507GA,Flooded Conventional Lead Acid Flat Plate Industrial Battery,24V / 255AH,34.25 x 6.56 x 22.2,545,5.2326,3 Yrs Full + 2 Prorated,SB175 Gray
"SH/SHR5520 (6"")",24,34.37 x 6.62 x 24.8,SB175 GRAY,6.62,B,18,HAWKER FLEX,24FLX186WBP (206563T-SBKY),6780.07037,Master Hawker List,order code,24FLX186WBP (206563T-SBKY),24FLX186WBP (206563T-SBKY),HAWKER Sealed TPPL Technologic Industrial Battery (Direct Connect),24V / 186AH,33.7 x 6.47 x 24.44,776,,1 Year,N/A
"SP1500 24V (14"")",24,38.44 x 14.25 x 31,SB350 RED,Code 58,A,20,V-FORCE VTR,12-125VTR-19,10076.38889,V-Force VTR Battery,order code,12-125-19,12-125VTR-19,Tubular Flooded Lead Acid Industrial Battery,24/1125,38.27 x 14.92 x 30.5,2016,26.06,5 Years,
"SP1500 36V (14"")",36,38.44 x 14.25 x 32,SB350 GRAY,Code B-9,A,20,V-FORCE VTR,18-125VTR-11,8640.277778,V-Force VTR Battery,order code,18-125-11,18-125VTR-11,Tubular Flooded Lead Acid Industrial Battery,36/625,38.02 x 13.34 x 30.50,1800,21.71,5 Years,
"SP1500 36V (16"")",36,38.44 x 16.25 x 31,SB350 GRAY,Code C-14,A,20,V-FORCE VTR,18-125VTR-13,9852.777778,V-Force VTR Battery,order code,18-125-13,18-125VTR-13,Tubular Flooded Lead Acid Industrial Battery,36/750,37.91 x 15.59 x 30.5,2088,26.06,5 Years,
"SP1500 36V (18"")",36,38.69 x 18.19 x 31,SB350 GRAY,Code D-24,A,20,V-FORCE VTR,18-125VTR-15,11463.88889,V-Force VTR Battery,order code,18-125-15,18-125VTR-15,Tubular Flooded Lead Acid Industrial Battery,36/875,38.27 x 17.72 x 30.5,2376,30.4,5 Years,
"SP1500 36V (20"")",36,38.56 x 20.75 x 31,SB350 GRAY,Code E-32,A,20,V-FORCE VTR,18-125VTR-17B,12730.55556,V-Force VTR Battery,order code,18-125-17,18-125VTR-17B,Tubular Flooded Lead Acid Industrial Battery,36/1000,38.38 x 20.42 x 30.88,2808,34.74,5 Years,
"SP3500 24V (13"")",24,31.75 x 13.12 x 23.25,SB175 GRAY,AA Comp 45/46,A,20,V-FORCE VTR,12-90VTR-13,4969.444444,V-Force VTR Battery,order code,12-85-13,12-90VTR-13,Tubular Flooded Lead Acid Industrial Battery,24/540,30.65 x 12.71 x 23.12,983,12.57,5 Years,
"SP3500 24V (13"")",24,31.75 x 13.12 x 23.25,SB175 GRAY,AA Comp 45/46,A,20,HAWKER FLEX,24FLX186WB (206747T-SBKY),8048.496296,Master Hawker List,order code,24FLX186WB (206747T-SBKY),24FLX186WB (206747T-SBKY),HAWKER Sealed TPPL Technologic Industrial Battery (Direct Connect),24V / 186AH,30.65 x 12.77 x 19.94,1012,,1 Year,N/A
"SP3500 24V (13"")",24,31.75 x 13.12 x 23.25,SB175 GRAY,AA Comp 45/46,A,20,STRYTEN F100 (CLASSIC),M1601208513A,3844,Master GNB List,order code,12-85-13,M1601208513A,Flooded Conventional Lead Acid Flat Plate Industrial Battery,24V / 510AH,30.63 x 12.69 x 22.2,954,10.4652,3 Yrs Full + 2 Prorated,SB175 Gray
"SP3500 24V (13"")",24,31.75 x 13.12 x 23.25,SB175 GRAY,AA Comp 45/46,A,20,STRYTEN T300 (CMX),M1701208513A,4133,Master GNB List,order code,12-85-13,M1701208513A,Tubular Flooded Lead Acid Industrial Battery,24V / 510AH,30.63 x 12.69 x 22.2,960,10.4652,5 Yrs Full + 1 Prorated,SB175 Gray
"SP3500 24V (13"")",24,31.75 x 13.12 x 23.25,SB175 GRAY,AA Comp 45/46,A,20,COOLPOWER,12-85-13,3795,Master CoolpowerList ,order code,12-85-13,12-85-13,Flooded Conventional Flat Plate Lead Acid Industrial Battery,24V / 510AH,30.63 x 12.69 x 22.2,1020,12,3Yrs Full + 1Yrs Prorated,SB175 Gray
"SP3500 24V (14"")",24,36.25 x 14.25 x 31,SB350 RED,Code 58,A,20,V-FORCE VTR,12-125VTR-15,7933.333333,V-Force VTR Battery,order code,12-125-15,12-125VTR-15,Tubular Flooded Lead Acid Industrial Battery,24/875,36.13 x 14.03 x 30.5,1600,20.27,5 Years,
"SP3500 24V (14"")",24,36.25 x 14.25 x 31,SB350 RED,Code 58,A,20,STRYTEN F100 (CLASSIC),M2601212515A6,5786,Master GNB List,order code,12-125-15,M2601212515A6,Flooded Conventional Lead Acid Flat Plate Industrial Battery,24V / 875AH,35.25 x 14 x 30.5,1695,17.955,3 Yrs Full + 2 Prorated,SB350 Red
"SP3500 24V (14"")",24,36.25 x 14.25 x 31,SB350 RED,Code 58,A,20,STRYTEN T300 (CMX),M2701212515A6,6203,Master GNB List,order code,12-125-15,M2701212515A6,Tubular Flooded Lead Acid Industrial Battery,24V / 875AH,35.25 x 14 x 30.5,1598,17.955,5 Yrs Full + 1 Prorated,SB350 Red
"SP3500 24V (14"")",24,36.25 x 14.25 x 31,SB350 RED,Code 58,A,20,HAWKER FLEX,12-FLX625-31** (310B58P01T2-SBKN),12373.16111,Master Hawker List,order code,12-125-15,12-FLX625-31** (310B58P01T2-SBKN),HAWKER Sealed TPPL Technologic Industrial Battery,24V / 625AH,36 X 13.94 X 30.50,1608,,1 Year,N/A
"SP3500 24V (14"")",24,36.25 x 14.25 x 31,SB350 RED,Code 58,A,20,HAWKER FLEX,12-FLX700-31 (206814T2-SBKN),13259.72407,Master Hawker List,order code,12-125-15,12-FLX700-31 (206814T2-SBKN),HAWKER Sealed TPPL Technologic Industrial Battery,24V / 700AH,36.13 X 14.03 X 30.50,1709,,1 Year,N/A
"SP3500 24V (14"")",24,36.25 x 14.25 x 31,SB350 RED,Code 59,A,20,COOLPOWER,12-125-15,5425.284102,Master CoolpowerList ,order code,12-125-15,12-125-15,Flooded Conventional Flat Plate Lead Acid Industrial Battery,24V / 875AH,35.25 x 14 x 30.5,1704,20.27,3Yrs Full + 1Yrs Prorated,SB350 Red
SP3570F/80F  24V,24,36.25 x 14.25 x 31,SB350 RED,Code 58,A,20,V-FORCE VTR,12-125VTR-15,7933.333333,V-Force VTR Battery,order code,12-125-15,12-125VTR-15,Tubular Flooded Lead Acid Industrial Battery,24/875,36.13 x 14.03 x 30.5,1600,20.27,5 Years,
SP3570F/80F  24V,24,36.25 x 14.25 x 31,SB350 RED,Code 52,A,20,STRYTEN F100 (CLASSIC),M2601212515A6,5786,Master GNB List,order code,12-125-15,M2601212515A6,Flooded Conventional Lead Acid Flat Plate Industrial Battery,24V / 875AH,35.25 x 14 x 30.5,1695,17.955,3 Yrs Full + 2 Prorated,SB350 Red
SP3570F/80F  24V,24,36.25 x 14.25 x 31,SB350 RED,Code 58,A,20,STRYTEN F100 (CLASSIC),M2601212515A6,5786,Master GNB List,order code,12-125-15,M2601212515A6,Flooded Conventional Lead Acid Flat Plate Industrial Battery,24V / 875AH,35.25 x 14 x 30.5,1695,17.955,3 Yrs Full + 2 Prorated,SB350 Red
SP3570F/80F  24V,24,36.25 x 14.25 x 31,SB350 RED,Code 58,A,20,STRYTEN T300 (CMX),M2701212515A6,6203,Master GNB List,order code,12-125-15,M2701212515A6,Tubular Flooded Lead Acid Industrial Battery,24V / 875AH,35.25 x 14 x 30.5,1598,17.955,5 Yrs Full + 1 Prorated,SB350 Red
SP3570F/80F  24V,24,36.25 x 14.25 x 31,SB350 RED,Code 58,A,20,HAWKER FLEX,12-FLX700-31 (206814T2-SBKN),13259.72407,Master Hawker List,order code,12-125-15,12-FLX700-31 (206814T2-SBKN),HAWKER Sealed TPPL Technologic Industrial Battery,24V / 700AH,36.13 X 14.03 X 30.50,1709,,1 Year,N/A
"SP4000  36V  (14"")  ",36,36.25 x 14.25 x 31,SB350 GRAY,Code B-9,A,20,V-FORCE VTR,18-125VTR-11,8640.277778,V-Force VTR Battery,order code,18-125-11,18-125VTR-11,Tubular Flooded Lead Acid Industrial Battery,36/625,38.02 x 13.34 x 30.50,1800,21.71,5 Years,
"SP4000  36V  (14"")  ",36,36.25 x 14.25 x 31,SB350 GRAY,Code B-9,A,20,STRYTEN F100 (CLASSIC),M2601812511B,6290,Master GNB List,order code,18-125-11,M2601812511B,Flooded Conventional Lead Acid Flat Plate Industrial Battery,36V / 625AH,38.01 x 13.25 x 30.5,1707,19.2375,3 Yrs Full + 2 Prorated,SB350 Gray
"SP4000  36V  (14"")  ",36,36.25 x 14.25 x 31,SB350 GRAY,Code B-9,A,20,HAWKER FLEX,36FLX372_186 (206669T),,,sin match,,36FLX372_186 (206669T),no encontrado,no encontrado,no encontrado,no encontrado,,no encontrado,
"SP4000  36V  (14"")  ",36,36.25 x 14.25 x 31,SB350 GRAY,Code B-9,A,20,STRYTEN T300 (CMX),M2701812511B,6782,Master GNB List,order code,18-125-11,M2701812511B,Tubular Flooded Lead Acid Industrial Battery,36V / 625AH,38.01 x 13.25 x 30.5,1701,19.2375,5 Yrs Full + 1 Prorated,SB350 Gray
"SP4000  36V  (14"")  ",36,36.25 x 14.25 x 31,SB350 GRAY,Code B-9,A,20,COOLPOWER,18-125-11,6279.268506,Master CoolpowerList ,order code,18-125-11,18-125-11,Flooded Conventional Flat Plate Lead Acid Industrial Battery,36V / 625AH,38.01 x 13.25 x 30.5,1944,21.83,3Yrs Full + 1Yrs Prorated,SB350 Gray
"SP4000  36V  (16"")",36,38.44 x 16.25 x 31,SB350 GRAY,Code C-14,A,20,V-FORCE VTR,18-125VTR-13,9852.777778,V-Force VTR Battery,order code,18-125-13,18-125VTR-13,Tubular Flooded Lead Acid Industrial Battery,36/750,37.91 x 15.59 x 30.5,2088,26.06,5 Years,
"SP4000  36V  (16"")",36,38.44 x 16.25 x 31,SB350 GRAY,Code C-14,A,20,STRYTEN F100 (CLASSIC),M2601812513B,7163,Master GNB List,order code,18-125-13,M2601812513B,Flooded Conventional Lead Acid Flat Plate Industrial Battery,36V / 750AH,37.94 x 15.63 x 30.5,2042,23.085,3 Yrs Full + 2 Prorated,SB350 Gray
"SP4000  36V  (16"")",36,38.38 x 16.25 x 31,SB350 GRAY,Code C-14,A,20,HAWKER FLEX,36FLX558_186 (206657T-SBKN),18346.77963,Master Hawker List,order code,18-125-13,36FLX558_186 (206657T-SBKN),HAWKER Sealed TPPL Technologic Industrial Battery,36V / 558AH,38.28 X 15.53 X 29.94,2235,,1 Year,N/A
"SP4000  36V  (16"")",36,38.44 x 16.25 x 31,SB350 GRAY,Code C-14,A,20,STRYTEN T300 (CMX),M2701812513B,7730,Master GNB List,order code,18-125-13,M2701812513B,Tubular Flooded Lead Acid Industrial Battery,36V / 750AH,37.94 x 15.63 x 30.5,2034,23.085,5 Yrs Full + 1 Prorated,SB350 Gray
"SP4000  36V  (16"")",36,38.44 x 16.25 x 31,SB350 GRAY,Code C-14,A,20,HAWKER FLEX,18-FLX560-25 (310B66P02T2-SBKN),15151.68148,Master Hawker List,order code,18-125-13,18-FLX560-25 (310B66P02T2-SBKN),HAWKER Sealed TPPL Technologic Industrial Battery,36V / 560AH,38.00 X 15.25 X 30.75,2088,,1 Year,N/A
"SP4000  36V  (16"")",36,38.44 x 16.25 x 31,SB350 GRAY,Code C-14,A,20,COOLPOWER,18-125-13,6909.100044,Master CoolpowerList ,order code,18-125-13,18-125-13,Flooded Conventional Flat Plate Lead Acid Industrial Battery,36V / 750AH,37.94 x 15.63 x 30.5,2250,26.19,3Yrs Full + 1Yrs Prorated,SB350 Gray
"SP4000  36V  (18"")",36,38.69 x 18.19 x 31,SB350 GRAY,Code D-24,A,20,V-FORCE VTR,18-125VTR-15,11463.88889,V-Force VTR Battery,order code,18-125-15,18-125VTR-15,Tubular Flooded Lead Acid Industrial Battery,36/875,38.27 x 17.72 x 30.5,2376,30.4,5 Years,
"SP4000  36V  (18"")",36,38.69 x 18.19 x 31,SB350 GRAY,Code D-24,A,20,HAWKER FLEX,18-FLX625-31** (310B52P01T2-SBKN),18632.50926,Master Hawker List,order code,18-125-15,18-FLX625-31** (310B52P01T2-SBKN),HAWKER Sealed TPPL Technologic Industrial Battery,36V / 625AH,38.19 X 17.75 X 30.75,2412,,1 Year,N/A
"SP4000  36V  (18"")",36,38.69 x 18.19 x 31,SB350 GRAY,Code D-24,A,20,STRYTEN F100 (CLASSIC),M2601812515B,8089,Master GNB List,order code,18-125-15,M2601812515B,Flooded Conventional Lead Acid Flat Plate Industrial Battery,36V / 875AH,38.31 x 17.88 x 30.5,2349,26.9325,3 Yrs Full + 2 Prorated,SB350 Gray
"SP4000  36V  (18"")",36,38.69 x 18.19 x 31,SB350 GRAY,Code D-24,A,20,STRYTEN T300 (CMX),M2701812515B,8735,Master GNB List,order code,18-125-15,M2701812515B,Tubular Flooded Lead Acid Industrial Battery,36V / 875AH,38.31 x 17.88 x 30.5,2330,26.9325,5 Yrs Full + 1 Prorated,SB350 Gray
"SP4000  36V  (18"")",36,38.69 x 18.19 x 31,SB350 GRAY,Code D-24,A,20,ENERSYS,12-NXS700 (510741T2-SGMN),,Master Enersys List,order code,12-NXS700 (510741T2-SGMN),12-NXS700 (510741T2-SGMN),,Enersys 12-NXS700 (510741T2-SGMN),"New ENERSYS Sealed TPPL Technologic Industrial Battery, Model 12-NXS700 (510741T2-SGMN), Volt / Amp: 24 / 700, Dimension: 36.13 X 14.03 X 30.50, Battery Weight: 1624 Lbs,  Battery Warranty 3 Yrs Full            ",11031,,USD,SB350 / Red
"SP4000  36V  (18"")",36,38.69 x 18.19 x 31,SB350 GRAY,Code D-24,A,20,COOLPOWER,18-125-15,7924.377048,Master CoolpowerList ,order code,18-125-15,18-125-15,Flooded Conventional Flat Plate Lead Acid Industrial Battery,36V / 875AH,38.31 x 17.88 x 30.5,2556,30.56,3Yrs Full + 1Yrs Prorated,SB350 Gray
"SP4000  36V  (20"")",36,38.69 x 20.75 x 30,SB350 GRAY,Code E-32,A,20,V-FORCE VTR,18-125VTR-17B,12730.55556,V-Force VTR Battery,order code,18-125-17,18-125VTR-17B,Tubular Flooded Lead Acid Industrial Battery,36/1000,38.38 x 20.42 x 30.88,2808,34.74,5 Years,
"SP4000  36V  (20"")",36,38.69 x 20.75 x 31,SB350 GRAY,Code E-32,A,20,STRYTEN F100 (CLASSIC),M2601812517B,9251,Master GNB List,order code,18-125-17,M2601812517B,Flooded Conventional Lead Acid Flat Plate Industrial Battery,36V / 1000AH,38.31 x 20.13 x 30.5,2673,30.78,3 Yrs Full + 2 Prorated,SB350 Gray
"SP4000  36V  (20"")",36,38.69 x 20.75 x 31,SB350 GRAY,Code E-32,A,20,STRYTEN T300 (CMX),M2701812517B,9993,Master GNB List,order code,18-125-17,M2701812517B,Tubular Flooded Lead Acid Industrial Battery,36V / 1000AH,38.31 x 20.13 x 30.5,2652,30.78,5 Yrs Full + 1 Prorated,SB350 Gray
"SP4000  36V  (20"")",36,38.69 x 20.75 x 31,SB350 GRAY,Code E-32,A,20,COOLPOWER,18-125-17,8902.605138,Master CoolpowerList ,order code,18-125-17,18-125-17,Flooded Conventional Flat Plate Lead Acid Industrial Battery,36V / 1000AH,38.31 x 20.13 x 30.5,2844,34.74,3Yrs Full + 1Yrs Prorated,SB350 Gray
"SP4000  36V  (20"")",36,38.69 x 20.75 x 32,SB350 GRAY,Code E-32,A,20,HAWKER FLEX,18-FLX840-37 (206813T2-SBKN),20900.98889,Master Hawker List,order code,18-125-17,18-FLX840-37 (206813T2-SBKN),HAWKER Sealed TPPL Technologic Industrial Battery,36V / 840AH,38.33 X 20.21 X 30.56,2737,,1 Year,N/A
"SP4000  36V  (20"")",36,38.69 x 20.75 x 33,SB350 GRAY,Code E-32,A,20,HAWKER FLEX,36FLX558_186 (510548T-SGRN CUSTOM),20042.46481,Master Hawker List,order code,36FLX558_186 (510548T-SGRN CUSTOM),36FLX558_186 (510548T-SGRN CUSTOM),HAWKER Sealed TPPL Technologic Industrial Battery,36V / 558AH,38.27 x 20.15 x 25.75,2600,,1 Year,N/A
ST3000-30,24,25.55 x 7.28 x 24.13,SB175 GRAY,,A,B/20,HAWKER FLEX,24FLX137WB (206125T-SBKY),5241.937037,Master Hawker List,order code,24FLX137WB (206125T-SBKY),24FLX137WB (206125T-SBKY),HAWKER Sealed TPPL Technologic Industrial Battery,24V / 137AH,24.3 x 7.14 x 21.70,275,,1 Year,N/A
SX3200,24,26.4 x 9.1 x 23.62,SB175 GRAY,N/A,A,B/20,V-FORCE VTR,12-90VTR-07,3200,V-Force VTR Battery,order code,12-85-7,12-90VTR-07,Tubular Flooded Lead Acid Industrial Battery,24/270,25.37 x 8.6 x 23.12,559,6.29,5 Years,
SX3200,24,26.4 x 9.1 x 23.62,SB175 GRAY,N/A,A,B/20,STRYTEN F100 (CLASSIC),M1601208507D,2479,Master GNB List,order code,12-85-7,M1601208507D,Flooded Conventional Lead Acid Flat Plate Industrial Battery,24V / 255AH,25.38 x 8.69 x 23.25,565,5.2326,3 Yrs Full + 2 Prorated,SB175 Gray
SX3200,24,26.4 x 9.1 x 23.62,SB175 GRAY,N/A,A,B/20,HAWKER FLEX,24FLX137WB (310B21P06T-SBKY),4753.259259,Master Hawker List,order code,12-85-7,24FLX137WB (310B21P06T-SBKY),HAWKER Sealed TPPL Technologic Industrial Battery,24V / 137AH,24.62 X 8.94 X 23.50,400,,1 Year,N/A
TR4500,24,31.12 x 13.19 x 31.62,SB175 GRAY,,B,20,V-FORCE VTR,12-90VTR-13,4969.444444,V-Force VTR Battery,order code,12-85-13,12-90VTR-13,Tubular Flooded Lead Acid Industrial Battery,24/540,30.65 x 12.71 x 23.12,983,12.57,5 Years,
TR4500,24,31.12 x 13.19 x 31.62,SB175 GRAY,,B,20,V-FORCE VTR,12-125VTR-13,6688.888889,V-Force VTR Battery,order code,12-125-13,12-125VTR-13,Tubular Flooded Lead Acid Industrial Battery,24/750,30.65 x 12.71 x 30.81,1392,17.37,5 Years,
TR4500,24,31.12 x 13.19 x 31.62,SB175 GRAY,,B,20,STRYTEN F100 (CLASSIC),M1601208513A,3844,Master GNB List,order code,12-85-13,M1601208513A,Flooded Conventional Lead Acid Flat Plate Industrial Battery,24V / 510AH,30.63 x 12.69 x 22.2,954,10.4652,3 Yrs Full + 2 Prorated,SB175 Gray
TR4500,24,31.12 x 13.19 x 31.62,SB175 GRAY,,B,20,STRYTEN F100 (CLASSIC),M1601212513A,4834,Master GNB List,order code,12-125-13,M1601212513A,Flooded Conventional Lead Acid Flat Plate Industrial Battery,24V / 750AH,30.63 x 12.81 x 31,1329,15.39,3 Yrs Full + 2 Prorated,SB175 Gray
TR4500,24,31.12 x 13.19 x 31.62,SB175 GRAY,,B,20,STRYTEN T300 (CMX),M1701208513A,4133,Master GNB List,order code,12-85-13,M1701208513A,Tubular Flooded Lead Acid Industrial Battery,24V / 510AH,30.63 x 12.69 x 22.2,960,10.4652,5 Yrs Full + 1 Prorated,SB175 Gray
TR4500,24,31.12 x 13.19 x 31.62,SB175 GRAY,,B,20,STRYTEN T300 (CMX),M1701212513A,5211,Master GNB List,order code,12-125-13,M1701212513A,Tubular Flooded Lead Acid Industrial Battery,24V / 750AH,30.63 x 12.81 x 31,1324,15.39,5 Yrs Full + 1 Prorated,SB175 Gray
TR4500,24,31.12 x 13.19 x 31.62,SB175 GRAY,,B,20,COOLPOWER,12-85-13,3795,Master CoolpowerList ,order code,12-85-13,12-85-13,Flooded Conventional Flat Plate Lead Acid Industrial Battery,24V / 510AH,30.63 x 12.69 x 22.2,1020,12,3Yrs Full + 1Yrs Prorated,SB175 Gray
TSP1000,48,28.12 x 41.61 x 31,SB350 BLUE,STD B,A,15,V-FORCE VTR,24-125VTR-13,13975,V-Force VTR Battery,order code,24-125-13,24-125VTR-13,Tubular Flooded Lead Acid Industrial Battery,48/750,44.13 x 20.78 x 30.50,2900,34.74,5 Years,
TSP1000,48,28.12 x 41.61 x 31,SB350 BLUE,STD B,A,15,V-FORCE VTR,24-125VTR-13B,13183.33333,V-Force VTR Battery,order code,24-125-13,24-125VTR-13B,Tubular Flooded Lead Acid Industrial Battery,48/750,37.91 x 20.66 x 30.50,2784,34.74,5 Years,
TSP1000,48,33.75 x 41.61 x 31,SB350 BLUE,STD C,A,15,V-FORCE VTR,24-125VTR-15,15381.94444,V-Force VTR Battery,order code,24-125-15,24-125VTR-15,Tubular Flooded Lead Acid Industrial Battery,48/875,44.18 x 24.18 x 30.5,3168,40.53,5 Years,
TSP1000,48,33.75 x 41.61 x 31,SB350 BLUE,STD C,A,15,V-FORCE VTR,24-125VTR-15D,14883.33333,V-Force VTR Battery,order code,24-125-15,24-125VTR-15D,Tubular Flooded Lead Acid Industrial Battery,48/875,38.32 x 23.48 x 30.50,3168,40.53,5 Years,
TSP1000,48,,SB350 BLUE,,A,15,V-FORCE VTR,24-125VTR-17B,18031.94444,V-Force VTR Battery,order code,24-125-17,24-125VTR-17B,Tubular Flooded Lead Acid Industrial Battery,48/1000,43.94 x 27.94 x 30.5,3600,46.32,5 Years,
TSP1000,48,,SB350 BLUE,,A,15,V-FORCE VTR,24-125VTR-17,17222.22222,V-Force VTR Battery,order code,24-125-17,24-125VTR-17,Tubular Flooded Lead Acid Industrial Battery,48/1000,38.27 x 26.66 x 30.50,3600,46.32,5 Years,
TSP1000,48,33.75 x 41.61 x 31,SB350 BLUE,STD C,A,15,V-FORCE VTR,24-125VTR-21,21095.83333,V-Force VTR Battery,order code,24-125-21,24-125VTR-21,Tubular Flooded Lead Acid Industrial Battery,48/1250,38.27x32.66x30.50,4416,57.9,5 Years,
TSP1000,48,,,,A,15,V-FORCE VTR,24-125VTR-13,13975,V-Force VTR Battery,order code,24-125-13,24-125VTR-13,Tubular Flooded Lead Acid Industrial Battery,48/750,44.13 x 20.78 x 30.50,2900,34.74,5 Years,
TSP1000,48,24.69 x 44.5 x 31,SB350 BLUE,A LONG ,A,15,HAWKER FLEX,24-FLX700-31 (310B77P02T2-SBKN),25502.03704,Master Hawker List,order code,24-FLX700-31 (310B77P02T2-SBKN),24-FLX700-31 (310B77P02T2-SBKN),HAWKER Sealed TPPL Technologic Industrial Battery,48V / 700AH,X 23.62 X 30.75,3216,,1 Year,N/A
TSP1000,48,28.12 x 41.61 x 31,SB350 BLUE,STD B,A,15,STRYTEN F100 (CLASSIC),M2602412513B,9558,Master GNB List,order code,24-125-13,M2602412513B,Flooded Conventional Lead Acid Flat Plate Industrial Battery,48V / 750AH,38.13 x 20.68 x 30.5,3000,30.78,3 Yrs Full + 2 Prorated,SB350 Blue
TSP1000,48,28.12 x 41.61 x 1,SB350 BLUE,STD B,A,15,STRYTEN T300 (CMX),M2702412513B,10314,Master GNB List,order code,24-125-13,M2702412513B,Tubular Flooded Lead Acid Industrial Battery,48V / 750AH,38.13 x 20.68 x 30.5,3000,30.78,5 Yrs Full + 1 Prorated,SB350 Blue
TSP1000,48,24.69 x 44.5 x 31,SB350 BLUE,LONG ,A,15,HAWKER FLEX,24-FLX840-37 (311B73P01T2-SBKN),27284.50926,Master Hawker List,order code,24-FLX840-37 (311B73P01T2-SBKN),24-FLX840-37 (311B73P01T2-SBKN),HAWKER Sealed TPPL Technologic Industrial Battery,48V / 843AH,42.12 X 23.62 X 28,3053,,1 Year,N/A
TSP1000,48,33.75 x 41.61 x 31,SB350 BLUE,STD C,A,15,STRYTEN F100 (CLASSIC),M2602412515B,10801,Master GNB List,order code,24-125-15,M2602412515B,Flooded Conventional Lead Acid Flat Plate Industrial Battery,48V / 875AH,38.31 x 23.62 x 30.5,3300,35.91,3 Yrs Full + 2 Prorated,SB350 Blue
TSP1000,48,33.75 x 41.61 x 31,SB350 BLUE,STD C,A,15,STRYTEN T300 (CMX),M2702412515B,11670,Master GNB List,order code,24-125-15,M2702412515B,Tubular Flooded Lead Acid Industrial Battery,48V / 875AH,38.31 x 23.62 x 30.5,3300,35.91,5 Yrs Full + 1 Prorated,SB350 Blue
TSP1000,48,33.75 x 41.61 x 31,SB350 BLUE,STD C,A,15,STRYTEN T300 (CMX),M2702412515B,11670,Master GNB List,order code,24-125-15,M2702412515B,Tubular Flooded Lead Acid Industrial Battery,48V / 875AH,38.31 x 23.62 x 30.5,3300,35.91,5 Yrs Full + 1 Prorated,SB350 Blue
TSP1000,48,33.75 x 41.61 x 31,SB350 BLUE,STD C,A,15,STRYTEN F100 (CLASSIC),M2602412521B,13987,Master GNB List,order code,24-125-21,M2602412521B,Flooded Conventional Lead Acid Flat Plate Industrial Battery,48V / 1250AH,38.5 x 33 x 30.5,4318,51.3,3 Yrs Full + 2 Prorated,SB350 Blue
TSP1000,48,33.75 x 41.61 x 31,SB350 BLUE,STD C,A,15,STRYTEN T300 (CMX),M2702412521B,16269,Master GNB List,order code,24-125-21,M2702412521B,Tubular Flooded Lead Acid Industrial Battery,48V / 1250AH,38.5 x 33 x 30.5,4318,51.3,5 Yrs Full + 1 Prorated,SB350 Blue
TSP1500,72,,SB350 GRAY,,A,15,V-FORCE VTR,18-125VTR-11,8640.277778,V-Force VTR Battery,order code,18-125-11,18-125VTR-11,Tubular Flooded Lead Acid Industrial Battery,36/625,38.02 x 13.34 x 30.50,1800,21.71,5 Years,
TSP1500,72,,SB350 GRAY,,A,15,V-FORCE VTR,18-125VTR-13,9852.777778,V-Force VTR Battery,order code,18-125-13,18-125VTR-13,Tubular Flooded Lead Acid Industrial Battery,36/750,37.91 x 15.59 x 30.5,2088,26.06,5 Years,
TSP1500,72, x  x ,SB350 GRAY,,A,15,V-FORCE VTR,18-125VTR-15,11463.88889,V-Force VTR Battery,order code,18-125-15,18-125VTR-15,Tubular Flooded Lead Acid Industrial Battery,36/875,38.27 x 17.72 x 30.5,2376,30.4,5 Years,
TSP1500,80,,,,A,15,V-FORCE VTR,40-125VTR-11,20037.5,V-Force VTR Battery,order code,40-125-11,40-125VTR-11,Tubular Flooded Lead Acid Industrial Battery,80/625,40.44 x 32.01 x 30.50,3983,48.25,5 Years,
TSP1500,72, x  x ,SB350 GREY,,A,15,STRYTEN F100 (CLASSIC),M2601812515B,8089,Master GNB List,order code,18-125-15,M2601812515B,Flooded Conventional Lead Acid Flat Plate Industrial Battery,36V / 875AH,38.31 x 17.88 x 30.5,2349,26.9325,3 Yrs Full + 2 Prorated,SB350 Gray
TSP1500,72, x  x ,SB350 GRAY,,A,15,STRYTEN T300 (CMX),M2701812515B,8735,Master GNB List,order code,18-125-15,M2701812515B,Tubular Flooded Lead Acid Industrial Battery,36V / 875AH,38.31 x 17.88 x 30.5,2330,26.9325,5 Yrs Full + 1 Prorated,SB350 Gray
WP3230/5-45,24,25.8 x 7.9 x 26,SB175 GRAY,,B,20,V-FORCE VTR,12-90VTR-05B,2811.111111,V-Force VTR Battery,order code,12-85-5,12-90VTR-05B,Tubular Flooded Lead Acid Industrial Battery,24/180,25.37 x 7.47 x 23.12,401,4.19,5 Years,
WP3230/5-45,24,25.8 x 7.9 x 26,SB175 GRAY,,B,20,STRYTEN F100 (CLASSIC),M1601208505G,1892,Master GNB List,order code,12-85-5,M1601208505G,Flooded Conventional Lead Acid Flat Plate Industrial Battery,24V / 170AH,25.25 x 6.63 x 23.25,488,3.4884,3 Yrs Full + 2 Prorated,SB175 Gray
WP3230/5-45,24,25.8 x 7.9 x 26,SB175 GRAY,,B,20,HAWKER FLEX,24FLX137WB (613C21P01T-SBKY),4462.188889,Master Hawker List,order code,12-85-7,24FLX137WB (613C21P01T-SBKY),HAWKER Sealed TPPL Technologic Industrial Battery,24V / 137AH,22.20 x 7.54 x 22.98,340,,1 Year,N/A
WP3230/5-45,24,25.8 x 7.9 x 26,SB175 GRAY,,B,20,COOLPOWER,12-85-5,2660,Master CoolpowerList ,order code,12-85-5,12-85-5,Flooded Conventional Flat Plate Lead Acid Industrial Battery,24V / 170AH,25.25 x 6.63 x 23.25,1475,4,3Yrs Full + 1Yrs Prorated,SB175 Gray
WP3240/5-45,24,25.8 x 9.1 x 26,SB175 GRAY,N/A,B,20,STRYTEN AGM220 (ELEMENT),M90004S24MARG,2564,Master GNB List,order code,M90004S24MARG,M90004S24MARG,Powr Pack VRLA Element Industrial Battery,24V 165 AH,26.5 x 7.5 x 26.54,312,,1 Yrs Full ,SB175 Gray
WP3240/5-45,24,25.8 x 9.1 x 26,SB175 GRAY,N/A,B,20,STRYTEN F100 (CLASSIC),M1601208507D,2479,Master GNB List,order code,12-85-7,M1601208507D,Flooded Conventional Lead Acid Flat Plate Industrial Battery,24V / 255AH,25.38 x 8.69 x 23.25,565,5.2326,3 Yrs Full + 2 Prorated,SB175 Gray
WP3240/5-45,24,25.8 x 9.1 x 26,SB175 GRAY,N/A,B,20,HAWKER FLEX,24FLX137WB (613C12P01T-SBKY),4462.188889,Master Hawker List,order code,24FLX137WB (613C12P01T-SBKY),24FLX137WB (613C12P01T-SBKY),HAWKER Sealed TPPL Technologic Industrial Battery,24V / 137AH,25.38 x 8.69 x 22.98,379,,1 Year,N/A
WP3240/5-45,24,25.8 x 9.1 x 26,SB175 GRAY,N/A,B,20,COOLPOWER,12-85-7,2739,Master CoolpowerList ,order code,12-85-7,12-85-7,Flooded Conventional Flat Plate Lead Acid Industrial Battery,24V / 255AH,25.38 x 8.69 x 23.25,650,5.91,3Yrs Full + 1Yrs Prorated,SB175 Gray
,,,,,,,,,,,,,,,,,,,,
,,,,,,,,,,,,,,,,,,,,
,,,,,,,,,,,,,,,,,,,,
,,,,,,,,,,,,,,,,,,,,
,,,,,,,,,,,,,,,,,,,,
,,,,,,,,,,,,,,,,,,,,
,,,,,,,,,,,,,,,,,,,,
,,,,,,,,,,,,,,,,,,,,
,,,,,,,,,,,,,,,,,,,,
,,,,,,,,,,,,,,,,,,,,
,,,,,,,,,,,,,,,,,,,,
,,,,,,,,,,,,,,,,,,,,
,,,,,,,,,,,,,,,,,,,,
,,,,,,,,,,,,,,,,,,,,
,,,,,,,,,,,,,,,,,,,,
,,,,,,,,,,,,,,,,,,,,
,,,,,,,,,,,,,,,,,,,,
,,,,,,,,,,,,,,,,,,,,
,,,,,,,,,,,,,,,,,,,,
,,,,,,,,,,,,,,,,,,,,
,,,,,,,,,,,,,,,,,,,,
,,,,,,,,,,,,,,,,,,,,
,,,,,,,,,,,,,,,,,,,,
,,,,,,,,,,,,,,,,,,,,
,,,,,,,,,,,,,,,,,,,,
,,,,,,,,,,,,,,,,,,,,
,,,,,,,,,,,,,,,,,,,,
,,,,,,,,,,,,,,,,,,,,
,,,,,,,,,,,,,,,,,,,,
,,,,,,,,,,,,,,,,,,,,
,,,,,,,,,,,,,,,,,,,,
,,,,,,,,,,,,,,,,,,,,
,,,,,,,,,,,,,,,,,,,,
,,,,,,,,,,,,,,,,,,,,
,,,,,,,,,,,,,,,,,,,,
,,,,,,,,,,,,,,,,,,,,
,,,,,,,,,,,,,,,,,,,,
,,,,,,,,,,,,,,,,,,,,
,,,,,,,,,,,,,,,,,,,,
,,,,,,,,,,,,,,,,,,,,
,,,,,,,,,,,,,,,,,,,,
,,,,,,,,,,,,,,,,,,,,
,,,,,,,,,,,,,,,,,,,,
,,,,,,,,,,,,,,,,,,,,
,,,,,,,,,,,,,,,,,,,,
,,,,,,,,,,,,,,,,,,,,
,,,,,,,,,,,,,,,,,,,,
,,,,,,,,,,,,,,,,,,,,
,,,,,,,,,,,,,,,,,,,,
,,,,,,,,,,,,,,,,,,,,
,,,,,,,,,,,,,,,,,,,,
,,,,,,,,,,,,,,,,,,,,
,,,,,,,,,,,,,,,,,,,,
,,,,,,,,,,,,,,,,,,,,
,,,,,,,,,,,,,,,,,,,,
,,,,,,,,,,,,,,,,,,,,
,,,,,,,,,,,,,,,,,,,,
,,,,,,,,,,,,,,,,,,,,
,,,,,,,,,,,,,,,,,,,,
,,,,,,,,,,,,,,,,,,,,
,,,,,,,,,,,,,,,,,,,,
,,,,,,,,,,,,,,,,,,,,
,,,,,,,,,,,,,,,,,,,,
,,,,,,,,,,,,,,,,,,,,
,,,,,,,,,,,,,,,,,,,,
,,,,,,,,,,,,,,,,,,,,
,,,,,,,,,,,,,,,,,,,,
,,,,,,,,,,,,,,,,,,,,
,,,,,,,,,,,,,,,,,,,,
,,,,,,,,,,,,,,,,,,,,
,,,,,,,,,,,,,,,,,,,,
,,,,,,,,,,,,,,,,,,,,
,,,,,,,,,,,,,,,,,,,,
,,,,,,,,,,,,,,,,,,,,
,,,,,,,,,,,,,,,,,,,,
,,,,,,,,,,,,,,,,,,,,
,,,,,,,,,,,,,,,,,,,,
,,,,,,,,,,,,,,,,,,,,
,,,,,,,,,,,,,,,,,,,,
,,,,,,,,,,,,,,,,,,,,
,,,,,,,,,,,,,,,,,,,,
,,,,,,,,,,,,,,,,,,,,
,,,,,,,,,,,,,,,,,,,,
,,,,,,,,,,,,,,,,,,,,
,,,,,,,,,,,,,,,,,,,,
,,,,,,,,,,,,,,,,,,,,
,,,,,,,,,,,,,,,,,,,,
,,,,,,,,,,,,,,,,,,,,
,,,,,,,,,,,,,,,,,,,,
,,,,,,,,,,,,,,,,,,,,
,,,,,,,,,,,,,,,,,,,,
,,,,,,,,,,,,,,,,,,,,
,,,,,,,,,,,,,,,,,,,,
,,,,,,,,,,,,,,,,,,,,
,,,,,,,,,,,,,,,,,,,,
,,,,,,,,,,,,,,,,,,,,
,,,,,,,,,,,,,,,,,,,,
,,,,,,,,,,,,,,,,,,,,
,,,,,,,,,,,,,,,,,,,,
,,,,,,,,,,,,,,,,,,,,
,,,,,,,,,,,,,,,,,,,,
,,,,,,,,,,,,,,,,,,,,
,,,,,,,,,,,,,,,,,,,,
,,,,,,,,,,,,,,,,,,,,
,,,,,,,,,,,,,,,,,,,,
,,,,,,,,,,,,,,,,,,,,
,,,,,,,,,,,,,,,,,,,,
,,,,,,,,,,,,,,,,,,,,
,,,,,,,,,,,,,,,,,,,,
,,,,,,,,,,,,,,,,,,,,
,,,,,,,,,,,,,,,,,,,,
,,,,,,,,,,,,,,,,,,,,
,,,,,,,,,,,,,,,,,,,,
,,,,,,,,,,,,,,,,,,,,
,,,,,,,,,,,,,,,,,,,,
,,,,,,,,,,,,,,,,,,,,
,,,,,,,,,,,,,,,,,,,,
,,,,,,,,,,,,,,,,,,,,
,,,,,,,,,,,,,,,,,,,,
,,,,,,,,,,,,,,,,,,,,
,,,,,,,,,,,,,,,,,,,,
,,,,,,,,,,,,,,,,,,,,
,,,,,,,,,,,,,,,,,,,,
,,,,,,,,,,,,,,,,,,,,
,,,,,,,,,,,,,,,,,,,,
,,,,,,,,,,,,,,,,,,,,
,,,,,,,,,,,,,,,,,,,,
,,,,,,,,,,,,,,,,,,,,
,,,,,,,,,,,,,,,,,,,,
,,,,,,,,,,,,,,,,,,,,
,,,,,,,,,,,,,,,,,,,,
,,,,,,,,,,,,,,,,,,,,
,,,,,,,,,,,,,,,,,,,,
,,,,,,,,,,,,,,,,,,,,
,,,,,,,,,,,,,,,,,,,,
,,,,,,,,,,,,,,,,,,,,
,,,,,,,,,,,,,,,,,,,,
,,,,,,,,,,,,,,,,,,,,
,,,,,,,,,,,,,,,,,,,,
,,,,,,,,,,,,,,,,,,,,
,,,,,,,,,,,,,,,,,,,,
,,,,,,,,,,,,,,,,,,,,
,,,,,,,,,,,,,,,,,,,,
,,,,,,,,,,,,,,,,,,,,
,,,,,,,,,,,,,,,,,,,,
,,,,,,,,,,,,,,,,,,,,
,,,,,,,,,,,,,,,,,,,,
,,,,,,,,,,,,,,,,,,,,
,,,,,,,,,,,,,,,,,,,,
,,,,,,,,,,,,,,,,,,,,
,,,,,,,,,,,,,,,,,,,,
,,,,,,,,,,,,,,,,,,,,
,,,,,,,,,,,,,,,,,,,,
,,,,,,,,,,,,,,,,,,,,
,,,,,,,,,,,,,,,,,,,,
,,,,,,,,,,,,,,,,,,,,
,,,,,,,,,,,,,,,,,,,,
,,,,,,,,,,,,,,,,,,,,
,,,,,,,,,,,,,,,,,,,,
,,,,,,,,,,,,,,,,,,,,
,,,,,,,,,,,,,,,,,,,,
,,,,,,,,,,,,,,,,,,,,
,,,,,,,,,,,,,,,,,,,,
,,,,,,,,,,,,,,,,,,,,
,,,,,,,,,,,,,,,,,,,,
,,,,,,,,,,,,,,,,,,,,
,,,,,,,,,,,,,,,,,,,,
,,,,,,,,,,,,,,,,,,,,
,,,,,,,,,,,,,,,,,,,,
,,,,,,,,,,,,,,,,,,,,
,,,,,,,,,,,,,,,,,,,,
,,,,,,,,,,,,,,,,,,,,
,,,,,,,,,,,,,,,,,,,,
,,,,,,,,,,,,,,,,,,,,
,,,,,,,,,,,,,,,,,,,,
,,,,,,,,,,,,,,,,,,,,
,,,,,,,,,,,,,,,,,,,,
,,,,,,,,,,,,,,,,,,,,
,,,,,,,,,,,,,,,,,,,,
,,,,,,,,,,,,,,,,,,,,
,,,,,,,,,,,,,,,,,,,,
,,,,,,,,,,,,,,,,,,,,
,,,,,,,,,,,,,,,,,,,,
,,,,,,,,,,,,,,,,,,,,
,,,,,,,,,,,,,,,,,,,,
,,,,,,,,,,,,,,,,,,,,
,,,,,,,,,,,,,,,,,,,,
,,,,,,,,,,,,,,,,,,,,
,,,,,,,,,,,,,,,,,,,,
,,,,,,,,,,,,,,,,,,,,
,,,,,,,,,,,,,,,,,,,,
,,,,,,,,,,,,,,,,,,,,
,,,,,,,,,,,,,,,,,,,,
,,,,,,,,,,,,,,,,,,,,
,,,,,,,,,,,,,,,,,,,,
,,,,,,,,,,,,,,,,,,,,
,,,,,,,,,,,,,,,,,,,,
,,,,,,,,,,,,,,,,,,,,
,,,,,,,,,,,,,,,,,,,,
,,,,,,,,,,,,,,,,,,,,
,,,,,,,,,,,,,,,,,,,,
,,,,,,,,,,,,,,,,,,,,
,,,,,,,,,,,,,,,,,,,,
,,,,,,,,,,,,,,,,,,,,
,,,,,,,,,,,,,,,,,,,,
,,,,,,,,,,,,,,,,,,,,
,,,,,,,,,,,,,,,,,,,,
,,,,,,,,,,,,,,,,,,,,
,,,,,,,,,,,,,,,,,,,,
,,,,,,,,,,,,,,,,,,,,
,,,,,,,,,,,,,,,,,,,,
,,,,,,,,,,,,,,,,,,,,
,,,,,,,,,,,,,,,,,,,,
,,,,,,,,,,,,,,,,,,,,
,,,,,,,,,,,,,,,,,,,,
,,,,,,,,,,,,,,,,,,,,
,,,,,,,,,,,,,,,,,,,,
,,,,,,,,,,,,,,,,,,,,
,,,,,,,,,,,,,,,,,,,,
,,,,,,,,,,,,,,,,,,,,
,,,,,,,,,,,,,,,,,,,,
,,,,,,,,,,,,,,,,,,,,
,,,,,,,,,,,,,,,,,,,,
,,,,,,,,,,,,,,,,,,,,
,,,,,,,,,,,,,,,,,,,,
,,,,,,,,,,,,,,,,,,,,
,,,,,,,,,,,,,,,,,,,,
,,,,,,,,,,,,,,,,,,,,
,,,,,,,,,,,,,,,,,,,,
,,,,,,,,,,,,,,,,,,,,
,,,,,,,,,,,,,,,,,,,,
,,,,,,,,,,,,,,,,,,,,
,,,,,,,,,,,,,,,,,,,,
,,,,,,,,,,,,,,,,,,,,
,,,,,,,,,,,,,,,,,,,,
,,,,,,,,,,,,,,,,,,,,
,,,,,,,,,,,,,,,,,,,,
,,,,,,,,,,,,,,,,,,,,
,,,,,,,,,,,,,,,,,,,,
,,,,,,,,,,,,,,,,,,,,
,,,,,,,,,,,,,,,,,,,,
,,,,,,,,,,,,,,,,,,,,
,,,,,,,,,,,,,,,,,,,,
,,,,,,,,,,,,,,,,,,,,
,,,,,,,,,,,,,,,,,,,,
,,,,,,,,,,,,,,,,,,,,
,,,,,,,,,,,,,,,,,,,,
,,,,,,,,,,,,,,,,,,,,
,,,,,,,,,,,,,,,,,,,,
,,,,,,,,,,,,,,,,,,,,
,,,,,,,,,,,,,,,,,,,,
,,,,,,,,,,,,,,,,,,,,
,,,,,,,,,,,,,,,,,,,,
,,,,,,,,,,,,,,,,,,,,
,,,,,,,,,,,,,,,,,,,,
,,,,,,,,,,,,,,,,,,,,
,,,,,,,,,,,,,,,,,,,,
,,,,,,,,,,,,,,,,,,,,
,,,,,,,,,,,,,,,,,,,,
,,,,,,,,,,,,,,,,,,,,
,,,,,,,,,,,,,,,,,,,,
,,,,,,,,,,,,,,,,,,,,
,,,,,,,,,,,,,,,,,,,,
,,,,,,,,,,,,,,,,,,,,
,,,,,,,,,,,,,,,,,,,,
,,,,,,,,,,,,,,,,,,,,
,,,,,,,,,,,,,,,,,,,,
,,,,,,,,,,,,,,,,,,,,
,,,,,,,,,,,,,,,,,,,,
,,,,,,,,,,,,,,,,,,,,
,,,,,,,,,,,,,,,,,,,,
,,,,,,,,,,,,,,,,,,,,
,,,,,,,,,,,,,,,,,,,,
,,,,,,,,,,,,,,,,,,,,
,,,,,,,,,,,,,,,,,,,,
,,,,,,,,,,,,,,,,,,,,
,,,,,,,,,,,,,,,,,,,,
,,,,,,,,,,,,,,,,,,,,
,,,,,,,,,,,,,,,,,,,,
,,,,,,,,,,,,,,,,,,,,
,,,,,,,,,,,,,,,,,,,,
,,,,,,,,,,,,,,,,,,,,
,,,,,,,,,,,,,,,,,,,,
,,,,,,,,,,,,,,,,,,,,
,,,,,,,,,,,,,,,,,,,,
,,,,,,,,,,,,,,,,,,,,
,,,,,,,,,,,,,,,,,,,,
,,,,,,,,,,,,,,,,,,,,
,,,,,,,,,,,,,,,,,,,,
,,,,,,,,,,,,,,,,,,,,
,,,,,,,,,,,,,,,,,,,,
,,,,,,,,,,,,,,,,,,,,
,,,,,,,,,,,,,,,,,,,,
,,,,,,,,,,,,,,,,,,,,
,,,,,,,,,,,,,,,,,,,,
,,,,,,,,,,,,,,,,,,,,
,,,,,,,,,,,,,,,,,,,,
,,,,,,,,,,,,,,,,,,,,
,,,,,,,,,,,,,,,,,,,,
,,,,,,,,,,,,,,,,,,,,
,,,,,,,,,,,,,,,,,,,,
,,,,,,,,,,,,,,,,,,,,
,,,,,,,,,,,,,,,,,,,,
,,,,,,,,,,,,,,,,,,,,
,,,,,,,,,,,,,,,,,,,,
,,,,,,,,,,,,,,,,,,,,
,,,,,,,,,,,,,,,,,,,,
,,,,,,,,,,,,,,,,,,,,
,,,,,,,,,,,,,,,,,,,,
,,,,,,,,,,,,,,,,,,,,
,,,,,,,,,,,,,,,,,,,,
,,,,,,,,,,,,,,,,,,,,
,,,,,,,,,,,,,,,,,,,,
,,,,,,,,,,,,,,,,,,,,
,,,,,,,,,,,,,,,,,,,,
,,,,,,,,,,,,,,,,,,,,
,,,,,,,,,,,,,,,,,,,,
,,,,,,,,,,,,,,,,,,,,
,,,,,,,,,,,,,,,,,,,,
,,,,,,,,,,,,,,,,,,,,
,,,,,,,,,,,,,,,,,,,,
,,,,,,,,,,,,,,,,,,,,
,,,,,,,,,,,,,,,,,,,,
,,,,,,,,,,,,,,,,,,,,
,,,,,,,,,,,,,,,,,,,,
,,,,,,,,,,,,,,,,,,,,
,,,,,,,,,,,,,,,,,,,,
,,,,,,,,,,,,,,,,,,,,
,,,,,,,,,,,,,,,,,,,,
,,,,,,,,,,,,,,,,,,,,
,,,,,,,,,,,,,,,,,,,,
,,,,,,,,,,,,,,,,,,,,
,,,,,,,,,,,,,,,,,,,,
,,,,,,,,,,,,,,,,,,,,
,,,,,,,,,,,,,,,,,,,,
,,,,,,,,,,,,,,,,,,,,
,,,,,,,,,,,,,,,,,,,,
,,,,,,,,,,,,,,,,,,,,
,,,,,,,,,,,,,,,,,,,,
,,,,,,,,,,,,,,,,,,,,
,,,,,,,,,,,,,,,,,,,,
,,,,,,,,,,,,,,,,,,,,
,,,,,,,,,,,,,,,,,,,,
,,,,,,,,,,,,,,,,,,,,
,,,,,,,,,,,,,,,,,,,,
,,,,,,,,,,,,,,,,,,,,
,,,,,,,,,,,,,,,,,,,,
,,,,,,,,,,,,,,,,,,,,
,,,,,,,,,,,,,,,,,,,,
,,,,,,,,,,,,,,,,,,,,
,,,,,,,,,,,,,,,,,,,,
,,,,,,,,,,,,,,,,,,,,
,,,,,,,,,,,,,,,,,,,,
,,,,,,,,,,,,,,,,,,,,
,,,,,,,,,,,,,,,,,,,,
,,,,,,,,,,,,,,,,,,,,
,,,,,,,,,,,,,,,,,,,,
